itemcode,etfTabCode,itemname,nowVal,risefall,changeVal,changeRate,nav,threeMonthEarnRate,quant,amonut,marketSum,collected_at
069500,1,KODEX 200,108315,3,0,0.0,108749.0,12.0718,0,0,243384,2026-07-22 23:17:10
360750,4,TIGER 미국S&P500,27525,3,0,0.0,27561.0,5.4697,0,0,201125,2026-07-22 23:17:10
133690,4,TIGER 미국나스닥100,189625,3,0,0.0,190943.0,8.8,0,0,114040,2026-07-22 23:17:10
102110,1,TIGER 200,108580,3,0,0.0,108808.0,11.9017,0,0,100382,2026-07-22 23:17:10
379800,4,KODEX 미국S&P500,25115,3,0,0.0,25128.0,5.4477,0,0,100360,2026-07-22 23:17:10
396500,2,TIGER 반도체TOP10,36680,3,0,0.0,36726.0,-0.7749,0,0,95276,2026-07-22 23:17:10
379810,4,KODEX 미국나스닥100,28400,3,0,0.0,28599.0,8.8835,0,0,89929,2026-07-22 23:17:10
488770,7,KODEX 머니마켓액티브,104990,3,0,0.0,105001.0,0.8162,0,0,76182,2026-07-22 23:17:10
278530,1,KODEX 200TR,39185,3,0,0.0,39304.0,11.7141,0,0,75647,2026-07-22 23:17:10
459580,6,KODEX CD금리액티브(합성),1075265,3,0,0.0,1075301.0,0.7088,0,0,67793,2026-07-22 23:17:10
381180,4,TIGER 미국필라델피아반도체나스닥,46580,3,0,0.0,47655.0,24.9821,0,0,62883,2026-07-22 23:17:10
122630,3,KODEX 레버리지,118480,3,0,0.0,119104.0,9.0468,0,0,60662,2026-07-22 23:17:10
0167A0,2,SOL AI반도체TOP2플러스,18150,3,0,0.0,18149.0,38.5314,0,0,58370,2026-07-22 23:17:10
498400,2,KODEX 200타겟위클리커버드콜,20785,3,0,0.0,20851.0,9.7981,0,0,55995,2026-07-22 23:17:10
091160,2,KODEX 반도체,126930,3,0,0.0,127060.0,10.7874,0,0,55786,2026-07-22 23:17:10
310970,1,TIGER MSCI Korea TR,48590,3,0,0.0,48552.0,13.9504,0,0,44120,2026-07-22 23:17:10
148020,1,RISE 200,109240,3,0,0.0,109450.0,12.0025,0,0,43805,2026-07-22 23:17:10
458730,4,TIGER 미국배당다우존스,15440,3,0,0.0,15400.0,6.6204,0,0,41456,2026-07-22 23:17:10
360200,4,ACE 미국S&P500,27830,3,0,0.0,27860.0,5.4105,0,0,41133,2026-07-22 23:17:10
0162Z0,7,RISE 삼성전자SK하이닉스채권혼합50,13360,3,0,0.0,13406.0,19.5167,0,0,40882,2026-07-22 23:17:10
395160,2,KODEX AI반도체TOP2플러스,40865,3,0,0.0,41037.0,32.2884,0,0,40048,2026-07-22 23:17:10
411060,5,ACE KRX금현물,27115,3,0,0.0,27340.0,-15.5785,0,0,39886,2026-07-22 23:17:10
229200,1,KODEX 코스닥150,12525,3,0,0.0,12584.0,-36.3543,0,0,39510,2026-07-22 23:17:10
381170,4,TIGER 미국테크TOP10 INDXX,32220,3,0,0.0,32294.0,1.2943,0,0,39373,2026-07-22 23:17:10
0193T0,2,KODEX SK하이닉스단일종목레버리지,14180,3,0,0.0,14377.0,,0,0,37013,2026-07-22 23:17:10
395270,2,HANARO Fn K-반도체,58000,3,0,0.0,57923.0,34.3148,0,0,36830,2026-07-22 23:17:10
273130,6,KODEX 종합채권(AA-이상)액티브,109090,3,0,0.0,109285.0,-3.7341,0,0,36683,2026-07-22 23:17:10
367380,4,ACE 미국나스닥100,32600,3,0,0.0,32826.0,8.8089,0,0,36056,2026-07-22 23:17:10
357870,6,TIGER CD금리투자KIS(합성),57785,3,0,0.0,57789.0,0.7058,0,0,35879,2026-07-22 23:17:10
423160,6,KODEX KOFR금리액티브(합성),110815,3,0,0.0,110813.0,0.6523,0,0,35466,2026-07-22 23:17:10
102780,2,KODEX 삼성그룹,25160,3,0,0.0,25144.0,11.7629,0,0,33060,2026-07-22 23:17:10
0043B0,6,TIGER 머니마켓액티브,103090,3,0,0.0,103085.0,0.8167,0,0,29425,2026-07-22 23:17:10
487240,2,KODEX AI전력핵심설비,34120,3,0,0.0,34082.0,-14.2872,0,0,28934,2026-07-22 23:17:10
455890,6,RISE 머니마켓액티브,55260,3,0,0.0,55261.0,0.7658,0,0,28049,2026-07-22 23:17:10
139260,2,TIGER 200 IT,139000,3,0,0.0,139096.0,31.9561,0,0,26938,2026-07-22 23:17:10
481050,6,KODEX CD1년금리플러스액티브(합성),1023375,3,0,0.0,1023388.0,0.7282,0,0,26761,2026-07-22 23:17:10
233740,3,KODEX 코스닥150레버리지,5930,3,0,0.0,5932.0,-63.6691,0,0,26424,2026-07-22 23:17:10
426030,4,TIME 미국나스닥100액티브,49120,3,0,0.0,50041.0,8.0848,0,0,25385,2026-07-22 23:17:10
449170,6,TIGER KOFR금리액티브(합성),111400,3,0,0.0,111397.0,0.6323,0,0,24595,2026-07-22 23:17:10
278540,1,KODEX MSCI Korea TR,38685,3,0,0.0,38656.0,13.5578,0,0,23559,2026-07-22 23:17:10
161510,2,PLUS 고배당주,24830,3,0,0.0,24782.0,-9.5991,0,0,23360,2026-07-22 23:17:10
456600,4,TIME 글로벌AI인공지능액티브,61675,3,0,0.0,62398.0,18.9722,0,0,22992,2026-07-22 23:17:10
0193W0,2,KODEX 삼성전자단일종목레버리지,13620,3,0,0.0,13673.0,,0,0,22344,2026-07-22 23:17:10
0195S0,2,TIGER SK하이닉스단일종목레버리지,11990,3,0,0.0,12122.0,,0,0,22217,2026-07-22 23:17:10
486290,4,TIGER 미국나스닥100타겟데일리커버드콜,11340,3,0,0.0,11396.0,8.2961,0,0,22096,2026-07-22 23:17:10
472150,2,TIGER 배당커버드콜액티브,21255,3,0,0.0,21185.0,12.4532,0,0,21899,2026-07-22 23:17:10
284430,6,KODEX 200미국채혼합50,21460,3,0,0.0,21469.0,2.9648,0,0,21065,2026-07-22 23:17:10
385540,6,RISE 종합채권(A-이상)액티브,102185,3,0,0.0,102186.0,-3.6653,0,0,20993,2026-07-22 23:17:10
292150,2,TIGER 코리아TOP10,38180,3,0,0.0,38237.0,11.9922,0,0,20445,2026-07-22 23:17:10
214980,6,KODEX 단기채권PLUS,114480,3,0,0.0,114508.0,0.4897,0,0,18904,2026-07-22 23:17:10
294400,1,KIWOOM 200TR,141885,3,0,0.0,142394.0,12.12,0,0,18161,2026-07-22 23:17:10
105190,1,ACE 200,108725,3,0,0.0,108939.0,11.5139,0,0,17994,2026-07-22 23:17:10
442580,4,PLUS 글로벌HBM반도체,107005,3,0,0.0,108689.0,48.0348,0,0,17902,2026-07-22 23:17:10
487230,4,KODEX 미국AI전력핵심인프라,23130,3,0,0.0,23184.0,-4.4557,0,0,17243,2026-07-22 23:17:10
446770,4,ACE 글로벌반도체TOP4 Plus,83350,3,0,0.0,84222.0,25.4494,0,0,17003,2026-07-22 23:17:10
441640,4,KODEX 미국배당커버드콜액티브,13120,3,0,0.0,13133.0,2.7532,0,0,16800,2026-07-22 23:17:10
368590,4,RISE 미국나스닥100,31575,3,0,0.0,31793.0,8.9133,0,0,15693,2026-07-22 23:17:10
379780,4,RISE 미국S&P500,24005,3,0,0.0,24031.0,5.5566,0,0,15531,2026-07-22 23:17:10
477080,6,RISE CD금리액티브(합성),107110,3,0,0.0,107111.0,0.7004,0,0,15478,2026-07-22 23:17:10
453850,6,ACE 미국30년국채액티브(H),7275,3,0,0.0,7290.0,-2.334,0,0,15394,2026-07-22 23:17:10
475630,7,TIGER CD1년금리액티브(합성),1072125,3,0,0.0,1072123.0,0.7343,0,0,15057,2026-07-22 23:17:10
466920,2,SOL 조선TOP3플러스,27730,3,0,0.0,27863.0,-28.8029,0,0,14849,2026-07-22 23:17:10
329200,2,TIGER 리츠부동산인프라,4015,3,0,0.0,4014.0,-15.5969,0,0,14767,2026-07-22 23:17:10
0177N0,7,KODEX 삼성전자SK하이닉스채권혼합50,14110,3,0,0.0,14125.0,18.751,0,0,14632,2026-07-22 23:17:10
152100,1,PLUS 200,109990,3,0,0.0,110351.0,11.7364,0,0,14464,2026-07-22 23:17:10
305720,2,KODEX 2차전지산업,12805,3,0,0.0,12876.0,-39.5137,0,0,14367,2026-07-22 23:17:10
315930,2,KODEX Top5PlusTR,82170,3,0,0.0,82306.0,17.1481,0,0,14298,2026-07-22 23:17:10
390390,4,KODEX 미국반도체,57655,3,0,0.0,58858.0,23.0649,0,0,13664,2026-07-22 23:17:10
091230,2,TIGER 반도체,133100,3,0,0.0,133731.0,10.4381,0,0,13629,2026-07-22 23:17:10
436140,6,SOL 종합채권(AA-이상)액티브,105475,3,0,0.0,105521.0,-3.6135,0,0,13435,2026-07-22 23:17:10
157450,6,TIGER 단기통안채,112210,3,0,0.0,112215.0,0.5782,0,0,13001,2026-07-22 23:17:10
448330,1,KODEX 삼성전자채권혼합,17070,3,0,0.0,17117.0,6.9659,0,0,12683,2026-07-22 23:17:10
438080,7,ACE 미국S&P500미국채혼합50액티브,14850,3,0,0.0,14840.0,3.0715,0,0,12429,2026-07-22 23:17:10
497570,4,TIGER 미국필라델피아AI반도체나스닥,23375,3,0,0.0,23810.0,19.2985,0,0,12097,2026-07-22 23:17:10
0072R0,5,TIGER KRX금현물,12980,3,0,0.0,13064.0,-15.252,0,0,12013,2026-07-22 23:17:10
0195R0,2,TIGER 삼성전자단일종목레버리지,12520,3,0,0.0,12568.0,,0,0,11935,2026-07-22 23:17:10
232080,1,TIGER 코스닥150,12755,3,0,0.0,12829.0,-36.331,0,0,11589,2026-07-22 23:17:10
0183J0,4,TIGER 미국우주테크,7800,3,0,0.0,7755.0,-32.5687,0,0,11450,2026-07-22 23:17:10
451540,6,TIGER 종합채권(AA-이상)액티브,52440,3,0,0.0,52469.0,-3.8842,0,0,10816,2026-07-22 23:17:10
469150,2,ACE AI반도체TOP3+,57665,3,0,0.0,57576.0,7.9402,0,0,10783,2026-07-22 23:17:10
494890,1,KODEX 200액티브,31275,3,0,0.0,31375.0,11.7371,0,0,10759,2026-07-22 23:17:10
465580,4,ACE 미국빅테크TOP7 Plus,24675,3,0,0.0,24700.0,2.8571,0,0,10561,2026-07-22 23:17:10
445290,2,KODEX 로봇액티브,30000,3,0,0.0,29899.0,-16.3544,0,0,10515,2026-07-22 23:17:10
479080,6,1Q 머니마켓액티브,53550,3,0,0.0,53547.0,0.8,0,0,10466,2026-07-22 23:17:10
356540,6,ACE 종합채권(AA-이상)액티브,100485,3,0,0.0,100509.0,-3.6037,0,0,10438,2026-07-22 23:17:10
226490,1,KODEX 코스피,69820,3,0,0.0,69974.0,5.9092,0,0,10438,2026-07-22 23:17:10
449450,2,PLUS K방산,51720,3,0,0.0,51694.0,-34.5079,0,0,10349,2026-07-22 23:17:10
469830,6,SOL 초단기채권액티브,54150,3,0,0.0,54159.0,0.791,0,0,10339,2026-07-22 23:17:10
446720,4,SOL 미국배당다우존스,14150,3,0,0.0,14117.0,6.5841,0,0,10330,2026-07-22 23:17:10
479520,6,RISE KOFR금리액티브(합성),106035,3,0,0.0,106035.0,0.6311,0,0,10089,2026-07-22 23:17:10
494310,2,KODEX 반도체레버리지,86945,3,0,0.0,87599.0,1.9384,0,0,10042,2026-07-22 23:17:10
455850,2,SOL AI반도체소부장,22975,3,0,0.0,23003.0,-17.5434,0,0,9776,2026-07-22 23:17:10
0117L0,6,KODEX 26-12 금융채(AA-이상)액티브,10125,3,0,0.0,10121.0,0.6461,0,0,9755,2026-07-22 23:17:10
0139F0,6,TIGER 12월자동연장금융채(AA-이상)액티브,101640,3,0,0.0,101651.0,0.5838,0,0,9755,2026-07-22 23:17:10
495050,1,RISE 코리아밸류업,32760,3,0,0.0,32763.0,13.9107,0,0,9730,2026-07-22 23:17:10
237350,1,KODEX 코스피100,87275,3,0,0.0,87147.0,13.5779,0,0,9644,2026-07-22 23:17:10
402970,4,ACE 미국배당다우존스,15670,3,0,0.0,15636.0,6.6519,0,0,9480,2026-07-22 23:17:10
449180,4,KODEX 미국S&P500(H),16765,3,0,0.0,16813.0,4.6221,0,0,9430,2026-07-22 23:17:10
438100,7,ACE 미국나스닥100미국채혼합50액티브,16110,3,0,0.0,16111.0,4.8381,0,0,9424,2026-07-22 23:17:10
494300,4,KODEX 미국나스닥100데일리커버드콜OTM,9955,3,0,0.0,10003.0,3.7619,0,0,9398,2026-07-22 23:17:10
0117V0,2,TIGER 코리아AI전력기기TOP3플러스,18060,3,0,0.0,18039.0,-13.2709,0,0,9301,2026-07-22 23:17:10
295040,1,SOL 200TR,40605,3,0,0.0,40701.0,11.9225,0,0,9014,2026-07-22 23:17:10
252670,3,KODEX 200선물인버스2X,100,3,0,0.0,100.0,-44.1989,0,0,8696,2026-07-22 23:17:10
153130,6,KODEX 단기채권,113205,3,0,0.0,113208.0,0.5267,0,0,8448,2026-07-22 23:17:10
475720,3,RISE 200위클리커버드콜,13530,3,0,0.0,13357.0,3.6103,0,0,8436,2026-07-22 23:17:10
385560,6,RISE KIS국고채30년Enhanced,51025,3,0,0.0,51041.0,-20.6239,0,0,8122,2026-07-22 23:17:10
457480,4,ACE 테슬라밸류체인액티브,19525,3,0,0.0,19627.0,-14.6638,0,0,8103,2026-07-22 23:17:10
476550,6,TIGER 미국30년국채커버드콜액티브(H),6995,3,0,0.0,6997.0,-2.5475,0,0,8097,2026-07-22 23:17:10
069660,1,KIWOOM 200,108225,3,0,0.0,108611.0,11.9815,0,0,8063,2026-07-22 23:17:10
371460,4,TIGER 차이나전기차SOLACTIVE,10860,3,0,0.0,10953.0,-22.0853,0,0,8019,2026-07-22 23:17:10
114800,3,KODEX 인버스,1111,3,0,0.0,1110.0,-20.2296,0,0,7980,2026-07-22 23:17:10
441800,1,TIME Korea플러스배당액티브,29555,3,0,0.0,29471.0,-0.8093,0,0,7974,2026-07-22 23:17:10
498410,2,KODEX 금융고배당TOP10타겟위클리커버드콜,12200,3,0,0.0,12200.0,-5.6682,0,0,7942,2026-07-22 23:17:10
305540,2,TIGER 2차전지테마,16275,3,0,0.0,16288.0,-38.0974,0,0,7885,2026-07-22 23:17:10
466940,2,TIGER 은행고배당플러스TOP10,26365,3,0,0.0,26259.0,-1.3719,0,0,7883,2026-07-22 23:17:10
423920,4,TIGER 미국필라델피아반도체레버리지(합성),103190,3,0,0.0,108291.0,41.8505,0,0,7677,2026-07-22 23:17:10
0048J0,6,KODEX 미국머니마켓액티브,14825,3,0,0.0,14823.0,1.1378,0,0,7675,2026-07-22 23:17:10
0177R0,2,TIGER 반도체TOP10커버드콜액티브,11745,3,0,0.0,11701.0,15.1553,0,0,7669,2026-07-22 23:17:10
490590,4,RISE 미국AI밸류체인데일리고정커버드콜,14835,3,0,0.0,14961.0,9.2709,0,0,7662,2026-07-22 23:17:10
0025N0,7,TIGER TDF2045 적격,12440,3,0,0.0,12455.0,3.5594,0,0,7657,2026-07-22 23:17:10
0061Z0,6,RISE 단기특수은행채액티브,50825,3,0,0.0,50827.0,0.7034,0,0,7558,2026-07-22 23:17:10
481060,6,KODEX 미국30년국채타겟커버드콜(합성 H),7545,3,0,0.0,7565.0,-2.7018,0,0,7534,2026-07-22 23:17:10
102970,2,KODEX 증권,20150,3,0,0.0,20155.0,-28.5068,0,0,7435,2026-07-22 23:17:10
272580,6,TIGER 단기채권액티브,56875,3,0,0.0,56884.0,0.5747,0,0,7424,2026-07-22 23:17:10
144600,5,KODEX 은선물(H),9685,3,0,0.0,9678.0,-26.3563,0,0,7361,2026-07-22 23:17:10
491010,4,TIGER 글로벌AI전력인프라액티브,29220,3,0,0.0,29422.0,-0.6313,0,0,7302,2026-07-22 23:17:10
456610,6,TIGER 미국달러SOFR금리액티브(합성),63915,3,0,0.0,63960.0,1.1766,0,0,7254,2026-07-22 23:17:10
458760,4,TIGER 미국배당다우존스타겟커버드콜2호,11470,3,0,0.0,11445.0,6.4364,0,0,7123,2026-07-22 23:17:10
495850,1,KODEX 코리아밸류업,32595,3,0,0.0,32571.0,13.6039,0,0,7106,2026-07-22 23:17:10
0127P0,4,ACE 미국대형성장주액티브,11180,3,0,0.0,11212.0,5.5714,0,0,6971,2026-07-22 23:17:10
0015B0,4,KoAct 미국나스닥성장기업액티브,20890,3,0,0.0,21211.0,8.5668,0,0,6915,2026-07-22 23:17:10
367760,2,RISE 네트워크인프라,58015,3,0,0.0,58050.0,26.2726,0,0,6875,2026-07-22 23:17:10
396520,4,TIGER 차이나반도체FACTSET,16950,3,0,0.0,17077.0,50.7073,0,0,6855,2026-07-22 23:17:10
138540,2,TIGER 현대차그룹플러스,52530,3,0,0.0,52750.0,-18.2621,0,0,6839,2026-07-22 23:17:10
455030,6,KODEX 미국달러SOFR금리액티브(합성),12710,3,0,0.0,12729.0,1.1337,0,0,6755,2026-07-22 23:17:10
290130,2,RISE ESG사회책임투자,47810,3,0,0.0,47637.0,19.5839,0,0,6741,2026-07-22 23:17:10
0167B0,2,SOL 200타겟위클리커버드콜,12125,3,0,0.0,12128.0,10.4256,0,0,6729,2026-07-22 23:17:10
329750,6,TIGER 미국달러단기채권액티브,13930,3,0,0.0,13948.0,0.8727,0,0,6707,2026-07-22 23:17:10
487340,6,ACE 머니마켓액티브,105430,3,0,0.0,105431.0,0.8418,0,0,6544,2026-07-22 23:17:10
466950,4,TIGER 글로벌AI액티브,34220,3,0,0.0,34798.0,11.6779,0,0,6433,2026-07-22 23:17:10
434730,2,HANARO 원자력iSelect,53970,3,0,0.0,53935.0,-31.3162,0,0,6422,2026-07-22 23:17:10
371160,4,TIGER 차이나항셍테크,7555,3,0,0.0,7564.0,-4.4676,0,0,6388,2026-07-22 23:17:10
434060,7,KODEX TDF2050액티브 적격,17590,3,0,0.0,17511.0,-0.4307,0,0,6324,2026-07-22 23:17:10
482730,4,TIGER 미국S&P500타겟데일리커버드콜,12535,3,0,0.0,12535.0,5.4946,0,0,6305,2026-07-22 23:17:10
314250,4,KODEX 미국빅테크10(H),58590,3,0,0.0,58726.0,8.9494,0,0,6298,2026-07-22 23:17:10
418660,4,TIGER 미국나스닥100레버리지(합성),44410,3,0,0.0,44971.0,15.0692,0,0,6062,2026-07-22 23:17:10
484790,6,KODEX 미국30년국채액티브(H),8380,3,0,0.0,8388.0,-2.7634,0,0,6029,2026-07-22 23:17:10
251600,7,PLUS 고배당주채권혼합,15305,3,0,0.0,15296.0,-4.8883,0,0,5908,2026-07-22 23:17:10
489250,4,KODEX 미국배당다우존스,13280,3,0,0.0,13250.0,6.4499,0,0,5856,2026-07-22 23:17:10
449190,4,KODEX 미국나스닥100(H),21815,3,0,0.0,22006.0,7.9552,0,0,5781,2026-07-22 23:17:10
364980,2,TIGER 2차전지TOP10,8840,3,0,0.0,8861.0,-34.9945,0,0,5746,2026-07-22 23:17:10
114260,6,KODEX 국고채3년,61430,3,0,0.0,61448.0,-0.5094,0,0,5719,2026-07-22 23:17:10
0101N0,2,RISE AI전력인프라,17995,3,0,0.0,17990.0,-12.0791,0,0,5614,2026-07-22 23:17:10
494670,2,TIGER 조선TOP10,21885,3,0,0.0,21866.0,-29.0618,0,0,5526,2026-07-22 23:17:10
0019K0,7,TIME 미국나스닥100채권혼합50액티브,13630,3,0,0.0,13786.0,5.4305,0,0,5513,2026-07-22 23:17:10
462330,2,KODEX 2차전지산업레버리지,848,3,0,0.0,840.0,-67.5098,0,0,5375,2026-07-22 23:17:10
438330,6,TIGER 우량회사채액티브,114735,3,0,0.0,114837.0,-0.524,0,0,5358,2026-07-22 23:17:10
315960,2,RISE 대형고배당10TR,79820,3,0,0.0,79716.0,17.8197,0,0,5268,2026-07-22 23:17:10
463250,2,TIGER K방산&우주,33115,3,0,0.0,33107.0,-34.3159,0,0,5265,2026-07-22 23:17:10
0148J0,2,TIGER 코리아휴머노이드로봇산업,8450,3,0,0.0,8478.0,-35.4676,0,0,5252,2026-07-22 23:17:10
251350,4,KODEX MSCI선진국,40995,3,0,0.0,40982.0,4.569,0,0,5247,2026-07-22 23:17:10
0105E0,2,SOL 코리아고배당,12740,3,0,0.0,12798.0,-6.9954,0,0,5243,2026-07-22 23:17:10
491620,4,RISE 미국테크100데일리고정커버드콜,11220,3,0,0.0,11281.0,8.9841,0,0,5189,2026-07-22 23:17:10
444200,2,SOL 코리아메가테크액티브,45205,3,0,0.0,45239.0,-6.3074,0,0,5176,2026-07-22 23:17:10
243880,2,TIGER 200IT레버리지,390000,3,0,0.0,391013.0,36.5105,0,0,5168,2026-07-22 23:17:10
365780,6,ACE 국고채10년,81620,3,0,0.0,81689.0,-4.0678,0,0,5142,2026-07-22 23:17:10
0190C0,2,RISE 현대차고정피지컬AI,8750,3,0,0.0,8735.0,,0,0,5141,2026-07-22 23:17:10
496080,1,TIGER 코리아밸류업,32500,3,0,0.0,32605.0,13.7088,0,0,5103,2026-07-22 23:17:10
0007F0,6,KODEX 27-12 회사채(AA-이상)액티브,10125,3,0,0.0,10132.0,0.0494,0,0,5071,2026-07-22 23:17:10
293180,1,HANARO 200,108385,3,0,0.0,108985.0,12.0935,0,0,5040,2026-07-22 23:17:10
499660,7,TIGER CD금리플러스액티브(합성),1001950,3,0,0.0,1001950.0,0.7423,0,0,4986,2026-07-22 23:17:10
473290,6,KODEX 26-12 회사채(AA-이상)액티브,10840,3,0,0.0,10839.0,0.6029,0,0,4937,2026-07-22 23:17:10
488080,3,TIGER 반도체TOP10레버리지,39995,3,0,0.0,39988.0,-21.5287,0,0,4899,2026-07-22 23:17:10
471230,6,KODEX 국고채10년액티브,102750,3,0,0.0,102843.0,-4.2538,0,0,4873,2026-07-22 23:17:10
483280,4,KODEX 미국AI테크TOP10타겟커버드콜,12395,3,0,0.0,12460.0,1.1245,0,0,4846,2026-07-22 23:17:10
476800,7,KODEX 한국부동산리츠인프라,4200,3,0,0.0,4217.0,-14.7877,0,0,4803,2026-07-22 23:17:10
361580,1,RISE 200TR,61495,3,0,0.0,61711.0,11.4491,0,0,4797,2026-07-22 23:17:10
0091P0,2,TIGER 코리아원자력,14160,3,0,0.0,14147.0,-47.6636,0,0,4772,2026-07-22 23:17:10
435420,7,TIGER 미국나스닥100채권혼합50,14385,3,0,0.0,14416.0,3.3463,0,0,4769,2026-07-22 23:17:10
490490,7,SOL 미국배당미국채혼합50,11630,3,0,0.0,11622.0,2.542,0,0,4733,2026-07-22 23:17:10
447770,7,TIGER 테슬라채권혼합Fn,14235,3,0,0.0,14256.0,-2.565,0,0,4648,2026-07-22 23:17:10
462010,2,TIGER 2차전지소재Fn,4320,3,0,0.0,4311.0,-45.3861,0,0,4590,2026-07-22 23:17:10
451000,6,PLUS 종합채권(AA-이상)액티브,106570,3,0,0.0,106540.0,-3.6842,0,0,4586,2026-07-22 23:17:10
448290,4,TIGER 미국S&P500(H),17410,3,0,0.0,17458.0,4.7576,0,0,4405,2026-07-22 23:17:10
474220,4,TIGER 미국테크TOP10타겟커버드콜,15600,3,0,0.0,15625.0,0.4198,0,0,4399,2026-07-22 23:17:10
480260,6,TIGER 27-04회사채(A+이상)액티브,53560,3,0,0.0,53567.0,0.2995,0,0,4380,2026-07-22 23:17:10
439870,6,KODEX 국고채30년액티브,86075,3,0,0.0,86224.0,-16.5733,0,0,4336,2026-07-22 23:17:10
091180,2,KODEX 자동차,29835,3,0,0.0,29909.0,-12.7258,0,0,4311,2026-07-22 23:17:10
277630,1,TIGER 코스피,71180,3,0,0.0,70935.0,5.8991,0,0,4306,2026-07-22 23:17:10
451060,1,1Q 200액티브,34750,3,0,0.0,34809.0,10.9336,0,0,4274,2026-07-22 23:17:10
241180,4,TIGER 일본니케이225,36065,3,0,0.0,36128.0,8.9813,0,0,4256,2026-07-22 23:17:10
0163Y0,1,KoAct 코스닥액티브,8500,3,0,0.0,8477.0,-32.764,0,0,4220,2026-07-22 23:17:10
0173Y0,4,KODEX 미국AI광통신네트워크,11925,3,0,0.0,12252.0,-12.3262,0,0,4162,2026-07-22 23:17:10
148070,6,KIWOOM 국고채10년,103465,3,0,0.0,103543.0,-4.0991,0,0,4125,2026-07-22 23:17:10
458250,6,TIGER 미국30년국채스트립액티브(합성 H),35350,3,0,0.0,35482.0,-4.7829,0,0,4077,2026-07-22 23:17:10
477050,6,PLUS 머니마켓액티브,53285,3,0,0.0,53293.0,0.7754,0,0,4069,2026-07-22 23:17:10
0023A0,4,SOL 미국양자컴퓨팅TOP10,25390,3,0,0.0,25475.0,-12.495,0,0,4062,2026-07-22 23:17:10
426020,4,TIME 미국S&P500액티브,33845,3,0,0.0,34103.0,7.6528,0,0,4041,2026-07-22 23:17:10
0016X0,6,SOL 중단기회사채(A-이상)액티브,51200,3,0,0.0,51183.0,0.3528,0,0,4041,2026-07-22 23:17:10
0060H0,1,TIGER 토탈월드스탁액티브,13310,3,0,0.0,13313.0,3.897,0,0,3993,2026-07-22 23:17:10
0043Y0,4,TIME 차이나AI테크액티브,22205,3,0,0.0,22052.0,16.4597,0,0,3864,2026-07-22 23:17:10
474590,2,WON 반도체밸류체인액티브,44000,3,0,0.0,43898.0,24.9023,0,0,3850,2026-07-22 23:17:10
0131V0,4,1Q 미국우주항공테크,11315,3,0,0.0,11315.0,-13.7639,0,0,3779,2026-07-22 23:17:10
453810,4,KODEX 인도Nifty50,12470,3,0,0.0,12459.0,-4.483,0,0,3741,2026-07-22 23:17:10
0167Z0,4,KODEX 미국우주항공,8155,3,0,0.0,8097.0,-30.7318,0,0,3702,2026-07-22 23:17:10
462900,2,KoAct 바이오헬스케어액티브,12680,3,0,0.0,12704.0,-39.5317,0,0,3690,2026-07-22 23:17:10
0144L0,4,KODEX 미국성장커버드콜액티브,10235,3,0,0.0,10299.0,6.5705,0,0,3664,2026-07-22 23:17:10
385720,1,TIME 코스피액티브,25695,3,0,0.0,25596.0,5.2577,0,0,3649,2026-07-22 23:17:10
471990,2,KODEX AI반도체핵심장비,22085,3,0,0.0,22107.0,-19.8708,0,0,3611,2026-07-22 23:17:10
456880,7,ACE 미국달러SOFR금리(합성),12950,3,0,0.0,12938.0,1.098,0,0,3587,2026-07-22 23:17:10
0040Y0,7,SOL 팔란티어커버드콜OTM채권혼합,8225,3,0,0.0,8191.0,-2.0845,0,0,3586,2026-07-22 23:17:10
439860,6,KODEX ESG종합채권(A-이상)액티브,112925,3,0,0.0,113023.0,-0.869,0,0,3545,2026-07-22 23:17:10
448300,4,TIGER 미국나스닥100(H),22555,3,0,0.0,22739.0,8.0913,0,0,3530,2026-07-22 23:17:10
496020,6,WON 전단채플러스액티브,52250,3,0,0.0,52246.0,0.8396,0,0,3524,2026-07-22 23:17:10
310960,1,TIGER 200TR,63185,3,0,0.0,63375.0,11.3473,0,0,3475,2026-07-22 23:17:10
091170,2,KODEX 은행,15910,3,0,0.0,15943.0,0.3592,0,0,3437,2026-07-22 23:17:10
0052D0,2,TIGER 코리아배당다우존스,15390,3,0,0.0,15430.0,-6.708,0,0,3432,2026-07-22 23:17:10
484880,2,SOL 금융지주플러스고배당,22415,3,0,0.0,22389.0,-0.7427,0,0,3407,2026-07-22 23:17:10
0080G0,2,KODEX 방산TOP10,10090,3,0,0.0,10057.0,-33.5575,0,0,3400,2026-07-22 23:17:10
0046A0,6,TIGER 미국초단기(3개월이하)국채,10240,3,0,0.0,10227.0,0.9715,0,0,3389,2026-07-22 23:17:10
469070,2,RISE AI&로봇,10330,3,0,0.0,10307.0,-36.5668,0,0,3373,2026-07-22 23:17:10
472170,7,TIGER 미국테크TOP10채권혼합,14165,3,0,0.0,14174.0,0.1412,0,0,3371,2026-07-22 23:17:10
0162M0,6,KODEX 금융채1~2년(AA-이상)PLUS액티브,10005,3,0,0.0,10008.0,-0.0999,0,0,3351,2026-07-22 23:17:10
385550,6,RISE 단기채권알파액티브,113665,3,0,0.0,113660.0,0.5663,0,0,3326,2026-07-22 23:17:10
132030,5,KODEX 골드선물(H),23165,3,0,0.0,23160.0,-15.6227,0,0,3313,2026-07-22 23:17:10
475300,2,SOL 반도체전공정,20995,3,0,0.0,21020.0,6.7265,0,0,3296,2026-07-22 23:17:10
454780,6,KIWOOM 종합채권(AA-이상)액티브,98880,3,0,0.0,98841.0,-3.9601,0,0,3292,2026-07-22 23:17:10
0026S0,4,1Q 미국S&P500,13440,3,0,0.0,13451.0,5.3092,0,0,3279,2026-07-22 23:17:10
0052S0,7,1Q 미국S&P500미국채혼합50액티브,12285,3,0,0.0,12306.0,3.2947,0,0,3268,2026-07-22 23:17:10
442570,7,RISE TDF2050액티브 적격,18020,3,0,0.0,17916.0,4.5772,0,0,3163,2026-07-22 23:17:10
279530,2,KODEX 고배당주,17285,3,0,0.0,17252.0,-5.4943,0,0,3146,2026-07-22 23:17:10
483320,4,ACE 엔비디아밸류체인액티브,25675,3,0,0.0,25977.0,17.1395,0,0,3132,2026-07-22 23:17:10
448630,7,RISE 삼성그룹Top3채권혼합,14635,3,0,0.0,14666.0,-0.4087,0,0,3132,2026-07-22 23:17:10
453870,4,TIGER 인도니프티50,12275,3,0,0.0,12275.0,-4.4698,0,0,3118,2026-07-22 23:17:10
0111P0,7,1Q 미국나스닥100미국채혼합50액티브,11470,3,0,0.0,11514.0,4.7241,0,0,3097,2026-07-22 23:17:10
441680,7,TIGER 미국나스닥100커버드콜(합성),11335,3,0,0.0,11417.0,3.8907,0,0,3083,2026-07-22 23:17:10
485540,4,KODEX 미국AI테크TOP10,15690,3,0,0.0,15772.0,1.5523,0,0,3083,2026-07-22 23:17:10
476760,6,ACE 미국30년국채액티브,9720,3,0,0.0,9739.0,-2.2275,0,0,3081,2026-07-22 23:17:10
0038A0,4,KODEX 미국휴머노이드로봇,16245,3,0,0.0,16421.0,-4.3632,0,0,3070,2026-07-22 23:17:10
0182R0,2,1Q K반도체TOP2+,10835,3,0,0.0,10817.0,-0.4598,0,0,3066,2026-07-22 23:17:10
473330,6,SOL 미국30년국채커버드콜(합성),8760,3,0,0.0,8765.0,-2.1127,0,0,3048,2026-07-22 23:17:10
0210A0,2,ACE K반도체TOP2+,7350,3,0,0.0,7361.0,,0,0,3021,2026-07-22 23:17:10
475080,7,KODEX 테슬라커버드콜채권혼합액티브,8270,3,0,0.0,8293.0,-0.2763,0,0,3014,2026-07-22 23:17:10
489030,2,PLUS 고배당주위클리커버드콜,6730,3,0,0.0,6750.0,-19.9022,0,0,2971,2026-07-22 23:17:10
433330,4,SOL 미국S&P500,22965,3,0,0.0,22993.0,5.4378,0,0,2917,2026-07-22 23:17:10
481190,4,SOL 미국테크TOP10,17480,3,0,0.0,17516.0,1.4806,0,0,2910,2026-07-22 23:17:10
461490,7,RISE 글로벌자산배분액티브,14805,3,0,0.0,14804.0,-2.286,0,0,2894,2026-07-22 23:17:10
190620,6,ACE 단기통안채,101690,3,0,0.0,101687.0,0.5936,0,0,2879,2026-07-22 23:17:10
0094K0,6,TIGER 28-04 회사채(A+이상)액티브,98940,3,0,0.0,98904.0,-0.2118,0,0,2851,2026-07-22 23:17:10
471040,4,KoAct 글로벌AI&로봇액티브,30840,3,0,0.0,31342.0,8.4358,0,0,2822,2026-07-22 23:17:10
270810,1,RISE 코스닥150,12420,3,0,0.0,12519.0,-36.2148,0,0,2822,2026-07-22 23:17:10
245710,4,ACE 베트남VN30(합성),28735,3,0,0.0,29162.0,-7.4039,0,0,2816,2026-07-22 23:17:10
385510,2,KODEX 신재생에너지액티브,34300,3,0,0.0,34377.0,-34.2431,0,0,2813,2026-07-22 23:17:10
0053L0,4,TIGER 차이나휴머노이드로봇,10755,3,0,0.0,10873.0,-14.2386,0,0,2812,2026-07-22 23:17:10
283580,4,KODEX 차이나CSI300,16695,3,0,0.0,16726.0,1.0907,0,0,2796,2026-07-22 23:17:10
423170,4,SOL 글로벌AI반도체탑픽액티브,61050,3,0,0.0,61315.0,28.0709,0,0,2796,2026-07-22 23:17:10
196230,6,RISE 단기통안채,116600,3,0,0.0,116612.0,0.5736,0,0,2781,2026-07-22 23:17:10
273140,6,KODEX 단기변동금리부채권액티브,114570,3,0,0.0,114574.0,0.5112,0,0,2781,2026-07-22 23:17:10
157500,2,TIGER 증권,14170,3,0,0.0,14132.0,-28.3115,0,0,2772,2026-07-22 23:17:10
472920,6,HK 종합채권(AA-이상)액티브,97500,3,0,0.0,97476.0,-3.6585,0,0,2743,2026-07-22 23:17:10
307520,2,TIGER 지주회사,20445,3,0,0.0,20369.0,-11.0787,0,0,2740,2026-07-22 23:17:10
0008S0,4,TIGER 미국배당다우존스타겟데일리커버드콜,10330,3,0,0.0,10305.0,6.4404,0,0,2696,2026-07-22 23:17:10
483340,4,ACE 구글밸류체인액티브,23685,3,0,0.0,23941.0,11.9723,0,0,2676,2026-07-22 23:17:10
495230,1,KoAct 코리아밸류업액티브,31565,3,0,0.0,31629.0,9.7407,0,0,2636,2026-07-22 23:17:10
414780,4,TIGER 차이나과창판STAR50(합성),16570,3,0,0.0,16756.0,31.8903,0,0,2635,2026-07-22 23:17:10
0219E0,2,KODEX 200커버드콜액티브,8810,3,0,0.0,8797.0,,0,0,2634,2026-07-22 23:17:10
466930,2,SOL 자동차TOP3플러스,27435,3,0,0.0,27456.0,8.7454,0,0,2634,2026-07-22 23:17:10
471780,2,TIGER 코리아테크액티브,35170,3,0,0.0,35349.0,14.1226,0,0,2606,2026-07-22 23:17:10
139230,2,TIGER 200 중공업,12765,3,0,0.0,12856.0,-28.9219,0,0,2579,2026-07-22 23:17:10
478150,4,TIME 글로벌우주테크&방산액티브,20930,3,0,0.0,21031.0,-8.469,0,0,2574,2026-07-22 23:17:10
486450,4,SOL 미국AI전력인프라,21720,3,0,0.0,21826.0,-9.5446,0,0,2574,2026-07-22 23:17:10
388420,2,RISE 비메모리반도체액티브,27955,3,0,0.0,27896.0,9.7061,0,0,2572,2026-07-22 23:17:10
497880,6,SOL CD금리&머니마켓액티브,50120,3,0,0.0,50122.0,0.8121,0,0,2569,2026-07-22 23:17:10
493810,4,TIGER 미국AI빅테크10타겟데일리커버드콜,12005,3,0,0.0,12062.0,3.3956,0,0,2545,2026-07-22 23:17:10
302190,6,TIGER 중장기국채,49690,3,0,0.0,49705.0,-2.3705,0,0,2534,2026-07-22 23:17:10
409820,4,KODEX 미국나스닥100레버리지(합성 H),19385,3,0,0.0,19688.0,14.6017,0,0,2510,2026-07-22 23:17:10
123320,3,TIGER 레버리지,118965,3,0,0.0,119234.0,9.6454,0,0,2498,2026-07-22 23:17:10
364970,2,TIGER 바이오TOP10,6205,3,0,0.0,6176.0,-24.1044,0,0,2498,2026-07-22 23:17:10
363580,2,KODEX 200IT TR,55875,3,0,0.0,55784.0,31.718,0,0,2459,2026-07-22 23:17:10
213610,2,KODEX 삼성그룹밸류,21735,3,0,0.0,21661.0,8.0569,0,0,2456,2026-07-22 23:17:10
488980,6,SOL 26-12 회사채(AA-이상)액티브,51930,3,0,0.0,51927.0,0.6299,0,0,2455,2026-07-22 23:17:10
228790,2,TIGER 화장품,3565,3,0,0.0,3548.0,-5.5918,0,0,2443,2026-07-22 23:17:10
0162Y0,1,TIME 코스닥액티브,6980,3,0,0.0,6974.0,-33.9203,0,0,2426,2026-07-22 23:17:10
363570,6,KODEX 장기종합채권(AA-이상)액티브,85445,3,0,0.0,85530.0,-8.3976,0,0,2381,2026-07-22 23:17:10
458260,6,TIGER 미국투자등급회사채액티브(H),46755,3,0,0.0,46764.0,-1.744,0,0,2379,2026-07-22 23:17:10
305080,6,TIGER 미국채10년선물,13190,3,0,0.0,13174.0,-1.3474,0,0,2361,2026-07-22 23:17:10
329650,7,KODEX TRF3070,14250,3,0,0.0,14274.0,-1.6901,0,0,2351,2026-07-22 23:17:10
437080,6,KODEX 미국종합채권ESG액티브(H),97660,3,0,0.0,97686.0,-1.1424,0,0,2339,2026-07-22 23:17:10
448540,7,ACE 엔비디아채권혼합,26380,3,0,0.0,26487.0,1.2684,0,0,2321,2026-07-22 23:17:10
0182S0,7,1Q K반도체TOP2채권혼합50,12415,3,0,0.0,12461.0,18.406,0,0,2315,2026-07-22 23:17:10
261260,7,KODEX 미국달러선물인버스2X,4650,3,0,0.0,4665.0,-1.4691,0,0,2315,2026-07-22 23:17:10
472160,4,TIGER 미국테크TOP10 INDXX(H),18395,3,0,0.0,18442.0,0.6284,0,0,2299,2026-07-22 23:17:10
442320,4,RISE 글로벌원자력,36125,3,0,0.0,35934.0,-26.2257,0,0,2298,2026-07-22 23:17:10
495060,1,TIME 코리아밸류업액티브,30070,3,0,0.0,29939.0,14.5302,0,0,2285,2026-07-22 23:17:10
0183V0,7,KIWOOM 삼성전자&SK하이닉스채권혼합50,11895,3,0,0.0,11859.0,19.5544,0,0,2284,2026-07-22 23:17:10
0092C0,6,SOL 27-12 회사채(AA-이상)액티브,50010,3,0,0.0,50025.0,0.2807,0,0,2281,2026-07-22 23:17:10
0047A0,4,TIGER 차이나테크TOP10,14200,3,0,0.0,14210.0,9.9697,0,0,2279,2026-07-22 23:17:10
498270,4,KIWOOM 미국양자컴퓨팅,14955,3,0,0.0,15002.0,-0.3684,0,0,2228,2026-07-22 23:17:10
0151S0,4,KODEX 미국AI반도체TOP3플러스,16130,3,0,0.0,16495.0,20.4935,0,0,2226,2026-07-22 23:17:10
0104N0,2,TIGER 200타겟위클리커버드콜,21140,3,0,0.0,21089.0,11.1438,0,0,2199,2026-07-22 23:17:10
463050,2,TIME K바이오액티브,11480,3,0,0.0,11491.0,-35.0333,0,0,2181,2026-07-22 23:17:10
490090,4,TIGER 미국AI빅테크10,16410,3,0,0.0,16523.0,4.3078,0,0,2174,2026-07-22 23:17:10
0089D0,2,KODEX 금융고배당TOP10,13420,3,0,0.0,13389.0,-0.9296,0,0,2174,2026-07-22 23:17:10
302450,1,RISE 코스피,70720,3,0,0.0,70476.0,6.1568,0,0,2157,2026-07-22 23:17:10
266160,2,RISE 고배당,33600,3,0,0.0,33477.0,6.6702,0,0,2134,2026-07-22 23:17:10
0204D0,2,KODEX 현대차로보틱스밸류체인TOP3플러스,6790,3,0,0.0,6819.0,,0,0,2112,2026-07-22 23:17:10
452360,4,SOL 미국배당다우존스(H),12910,3,0,0.0,12906.0,5.6384,0,0,2104,2026-07-22 23:17:10
476450,6,KIWOOM 머니마켓액티브,52565,3,0,0.0,52567.0,0.6992,0,0,2084,2026-07-22 23:17:10
394670,4,TIGER 글로벌리튬&2차전지SOLACTIVE(합성),11160,3,0,0.0,11272.0,-18.9586,0,0,2067,2026-07-22 23:17:10
332930,1,HANARO 200TR,141720,3,0,0.0,142493.0,11.8745,0,0,2055,2026-07-22 23:17:10
495550,1,SOL 코리아밸류업TR,33300,3,0,0.0,33253.0,13.3721,0,0,1998,2026-07-22 23:17:10
480040,4,ACE 미국반도체데일리타겟커버드콜(합성),17050,3,0,0.0,17338.0,13.8007,0,0,1995,2026-07-22 23:17:10
463290,6,1Q 단기금융채액티브,108855,3,0,0.0,108850.0,0.6892,0,0,1965,2026-07-22 23:17:10
433500,2,ACE 원자력TOP10,47685,3,0,0.0,47817.0,-42.2741,0,0,1955,2026-07-22 23:17:10
0119H0,6,KODEX 28-12 회사채(AA-이상)액티브,9855,3,0,0.0,9863.0,-0.3034,0,0,1937,2026-07-22 23:17:10
0069M0,4,1Q 미국나스닥100,14175,3,0,0.0,14268.0,8.7261,0,0,1928,2026-07-22 23:17:10
0115D0,2,KODEX 조선TOP10,7750,3,0,0.0,7762.0,-28.0885,0,0,1918,2026-07-22 23:17:10
491610,6,1Q CD금리액티브(합성),104510,3,0,0.0,104363.0,0.6986,0,0,1916,2026-07-22 23:17:10
244580,2,KODEX 바이오,7540,3,0,0.0,7522.0,-37.7229,0,0,1900,2026-07-22 23:17:10
0005A0,4,KODEX 미국S&P500데일리커버드콜OTM,10160,3,0,0.0,10130.0,5.5853,0,0,1900,2026-07-22 23:17:10
122090,1,PLUS 코스피50,82660,3,0,0.0,82583.0,16.263,0,0,1885,2026-07-22 23:17:10
421320,2,PLUS 우주항공,25190,3,0,0.0,25092.0,-48.4845,0,0,1877,2026-07-22 23:17:10
0091C0,6,KODEX 미국10년국채액티브(H),9640,3,0,0.0,9634.0,-1.7651,0,0,1876,2026-07-22 23:17:10
473460,4,KODEX 미국서학개미,24190,3,0,0.0,24407.0,-0.3125,0,0,1875,2026-07-22 23:17:10
0098F0,2,KODEX 원자력SMR,13555,3,0,0.0,13578.0,-43.6588,0,0,1857,2026-07-22 23:17:10
429000,4,TIGER 미국S&P500배당귀족,14140,3,0,0.0,14097.0,4.5725,0,0,1852,2026-07-22 23:17:10
433980,7,KODEX TDF2040액티브 적격,16395,3,0,0.0,16385.0,2.4197,0,0,1836,2026-07-22 23:17:10
0082V0,7,KODEX TDF2060액티브 적격,11770,3,0,0.0,11728.0,-0.0873,0,0,1836,2026-07-22 23:17:10
267770,3,TIGER 200선물레버리지,91575,3,0,0.0,91548.0,9.7624,0,0,1832,2026-07-22 23:17:10
422420,2,RISE 2차전지액티브,5760,3,0,0.0,5789.0,-45.9549,0,0,1818,2026-07-22 23:17:10
200250,4,KIWOOM 인도Nifty50(합성),22735,3,0,0.0,22720.0,-4.5722,0,0,1796,2026-07-22 23:17:10
0190G0,2,KODEX 반도체타겟위클리커버드콜,8975,3,0,0.0,8975.0,,0,0,1795,2026-07-22 23:17:10
0197X0,2,SOL SK하이닉스선물단일종목인버스2X,11350,3,0,0.0,11353.0,,0,0,1790,2026-07-22 23:17:10
160580,5,TIGER 구리실물,16715,3,0,0.0,16941.0,5.559,0,0,1789,2026-07-22 23:17:10
472870,6,RISE 미국30년국채엔화노출(합성 H),7340,3,0,0.0,7351.0,-5.573,0,0,1780,2026-07-22 23:17:10
458210,7,KIWOOM CD금리액티브(합성),110230,3,0,0.0,110219.0,0.708,0,0,1778,2026-07-22 23:17:10
117700,2,KODEX 건설,5825,3,0,0.0,5814.0,-39.3799,0,0,1777,2026-07-22 23:17:10
337160,2,KODEX 200ESG,47950,3,0,0.0,47940.0,19.6366,0,0,1774,2026-07-22 23:17:10
0040X0,7,SOL 팔란티어미국채커버드콜혼합,9530,3,0,0.0,9509.0,-2.0637,0,0,1768,2026-07-22 23:17:10
494220,2,UNICORN SK하이닉스밸류체인액티브,47740,3,0,0.0,47557.0,22.1193,0,0,1766,2026-07-22 23:17:10
0051G0,4,SOL 미국원자력SMR,13800,3,0,0.0,13836.0,-21.3428,0,0,1732,2026-07-22 23:17:10
251340,3,KODEX 코스닥150선물인버스,2895,3,0,0.0,2921.0,42.8571,0,0,1728,2026-07-22 23:17:10
0093A0,2,RISE AI반도체TOP10,31665,3,0,0.0,31602.0,-4.1915,0,0,1726,2026-07-22 23:17:10
0122W0,6,RISE 26-11 회사채(AA-이상)액티브,50805,3,0,0.0,50813.0,0.6039,0,0,1724,2026-07-22 23:17:10
483290,4,KODEX 미국배당다우존스타겟커버드콜,10840,3,0,0.0,10817.0,6.0524,0,0,1724,2026-07-22 23:17:10
0094M0,2,RISE 코리아밸류업위클리고정커버드콜,18430,3,0,0.0,18377.0,11.0954,0,0,1686,2026-07-22 23:17:10
0005G0,2,IBK K-AI반도체코어테크,48845,3,0,0.0,49069.0,24.6492,0,0,1685,2026-07-22 23:17:10
403790,1,MIDAS 코스피액티브,57290,3,0,0.0,57341.0,7.171,0,0,1676,2026-07-22 23:17:10
332500,1,ACE 200TR,72745,3,0,0.0,72999.0,11.6764,0,0,1673,2026-07-22 23:17:10
480030,4,ACE 미국500데일리타겟커버드콜(합성),10765,3,0,0.0,10772.0,4.5595,0,0,1636,2026-07-22 23:17:10
237370,7,KODEX 코리아배당성장채권혼합,15660,3,0,0.0,15653.0,-2.4928,0,0,1629,2026-07-22 23:17:10
0192Z0,6,TIGER 중기종합채권(A-이상)액티브,100395,3,0,0.0,100399.0,,0,0,1621,2026-07-22 23:17:10
0099L0,6,ACE 우량회사채(AA-이상)액티브,98880,3,0,0.0,98857.0,-0.2471,0,0,1611,2026-07-22 23:17:10
480020,4,ACE 미국빅테크7+데일리타겟커버드콜(합성),11390,3,0,0.0,11428.0,-2.2008,0,0,1595,2026-07-22 23:17:10
490600,4,RISE 미국배당100데일리고정커버드콜,9445,3,0,0.0,9426.0,6.593,0,0,1591,2026-07-22 23:17:10
0180V0,4,ACE 미국우주테크액티브,8060,3,0,0.0,8014.0,-30.7002,0,0,1572,2026-07-22 23:17:10
464240,6,KIWOOM 26-09회사채(AA-이상)액티브,52265,3,0,0.0,52246.0,0.6809,0,0,1568,2026-07-22 23:17:10
272560,6,RISE 단기국공채액티브,114450,3,0,0.0,114441.0,0.4344,0,0,1565,2026-07-22 23:17:10
0064K0,5,KODEX 금액티브,12765,3,0,0.0,12765.0,-14.9016,0,0,1564,2026-07-22 23:17:10
0151P0,2,RISE 코리아전략산업액티브,15000,3,0,0.0,15063.0,-4.0356,0,0,1560,2026-07-22 23:17:10
0127M0,4,ACE 미국대형가치주액티브,12895,3,0,0.0,12907.0,11.816,0,0,1554,2026-07-22 23:17:10
245340,4,TIGER 미국다우존스30,37575,3,0,0.0,37579.0,5.7211,0,0,1548,2026-07-22 23:17:10
0048K0,4,KODEX 차이나휴머노이드로봇,8885,3,0,0.0,8951.0,-11.9208,0,0,1546,2026-07-22 23:17:10
0104H0,7,KoAct 미국나스닥채권혼합50액티브,12395,3,0,0.0,12535.0,5.2855,0,0,1543,2026-07-22 23:17:10
0153K0,2,KODEX 주주환원고배당주,12055,3,0,0.0,12073.0,1.4211,0,0,1519,2026-07-22 23:17:10
219480,4,KODEX 미국S&P500선물(H),32305,3,0,0.0,32304.0,4.3492,0,0,1518,2026-07-22 23:17:10
494330,2,ACE 라이프자산주주가치액티브,30970,3,0,0.0,30965.0,23.8034,0,0,1518,2026-07-22 23:17:10
491820,2,HANARO 전력설비투자,40720,3,0,0.0,40787.0,-14.9257,0,0,1507,2026-07-22 23:17:10
136340,6,RISE 중기우량회사채,103840,3,0,0.0,103805.0,-0.5036,0,0,1504,2026-07-22 23:17:10
152870,1,파워 200,109235,3,0,0.0,109642.0,11.8441,0,0,1475,2026-07-22 23:17:10
451530,6,TIGER 국고채30년스트립액티브,34650,3,0,0.0,34826.0,-26.3976,0,0,1471,2026-07-22 23:17:10
192090,4,TIGER 차이나CSI300,13600,3,0,0.0,13631.0,0.5549,0,0,1455,2026-07-22 23:17:10
0176E0,4,RISE 미국AI전력인프라액티브,11400,3,0,0.0,11495.0,-3.5591,0,0,1454,2026-07-22 23:17:10
0181B0,4,HANARO 미국AI메모리반도체TOP4+,10955,3,0,0.0,11268.0,,0,0,1452,2026-07-22 23:17:10
461950,2,KODEX 2차전지핵심소재10,4285,3,0,0.0,4312.0,-45.9316,0,0,1438,2026-07-22 23:17:10
304660,6,KODEX 미국30년국채울트라선물(H),7335,3,0,0.0,7346.0,-3.0942,0,0,1423,2026-07-22 23:17:10
138520,2,TIGER 삼성그룹,34595,3,0,0.0,34721.0,11.7582,0,0,1411,2026-07-22 23:17:10
0041E0,4,KODEX 미국S&P500액티브,17300,3,0,0.0,17298.0,9.6644,0,0,1401,2026-07-22 23:17:10
495330,1,1Q 코리아밸류업,32455,3,0,0.0,32404.0,13.9289,0,0,1396,2026-07-22 23:17:10
0123G0,4,TIGER 미국AI전력SMR,6980,3,0,0.0,7019.0,-17.8116,0,0,1344,2026-07-22 23:17:10
233160,3,TIGER 코스닥150 레버리지,6530,3,0,0.0,6497.0,-63.9513,0,0,1342,2026-07-22 23:17:10
412570,2,TIGER 2차전지TOP10레버리지,983,3,0,0.0,985.0,-62.3847,0,0,1328,2026-07-22 23:17:10
182480,7,TIGER 미국MSCI리츠(합성 H),14410,3,0,0.0,14487.0,4.966,0,0,1326,2026-07-22 23:17:10
143860,2,TIGER 헬스케어,33040,3,0,0.0,33165.0,-30.095,0,0,1322,2026-07-22 23:17:10
372330,4,KODEX 차이나항셍테크,7565,3,0,0.0,7567.0,-4.1768,0,0,1320,2026-07-22 23:17:10
271050,5,KODEX WTI원유선물인버스(H),2050,3,0,0.0,2031.0,-6.7539,0,0,1314,2026-07-22 23:17:10
448100,1,WON 200,111500,3,0,0.0,111840.0,11.7859,0,0,1310,2026-07-22 23:17:10
411420,4,KODEX 미국나스닥AI테크액티브,27870,3,0,0.0,28022.0,6.0076,0,0,1310,2026-07-22 23:17:10
481180,4,SOL 미국AI소프트웨어,14955,3,0,0.0,14957.0,19.2852,0,0,1294,2026-07-22 23:17:10
476030,4,SOL 미국나스닥100,17960,3,0,0.0,18082.0,8.9797,0,0,1293,2026-07-22 23:17:10
0074K0,2,KoAct K수출핵심기업TOP30액티브,16175,3,0,0.0,16146.0,-9.4356,0,0,1286,2026-07-22 23:17:10
354500,1,ACE 코스닥150,12600,3,0,0.0,12716.0,-36.1611,0,0,1273,2026-07-22 23:17:10
325010,2,KODEX 성장주,42345,3,0,0.0,42309.0,7.8702,0,0,1270,2026-07-22 23:17:10
0199C0,2,ACE 고배당주Plus커버드콜액티브,9765,3,0,0.0,9714.0,,0,0,1269,2026-07-22 23:17:10
0131W0,6,1Q 단기특수은행채액티브,101780,3,0,0.0,101787.0,0.6408,0,0,1265,2026-07-22 23:17:10
0174B0,7,KoAct 글로벌AI메모리반도체액티브,15275,3,0,0.0,15429.0,37.3052,0,0,1253,2026-07-22 23:17:10
0000Y0,6,HK 26-12 회사채(AA-이상)액티브,101515,3,0,0.0,101503.0,0.5947,0,0,1228,2026-07-22 23:17:10
114820,6,TIGER 국채3년,104465,3,0,0.0,104485.0,-0.594,0,0,1227,2026-07-22 23:17:10
0036R0,4,RISE 미국휴머노이드로봇,20645,3,0,0.0,20824.0,10.4936,0,0,1218,2026-07-22 23:17:10
464930,4,TIGER 글로벌혁신블루칩TOP10,21600,3,0,0.0,21661.0,3.8221,0,0,1210,2026-07-22 23:17:10
328370,1,PLUS 코스피TR,38370,3,0,0.0,38239.0,6.0796,0,0,1209,2026-07-22 23:17:10
464310,4,TIGER 글로벌AI&로보틱스 INDXX,14590,3,0,0.0,14592.0,-7.3884,0,0,1204,2026-07-22 23:17:10
463680,4,KODEX 미국S&P500테크놀로지,23025,3,0,0.0,23075.0,15.2128,0,0,1197,2026-07-22 23:17:10
399110,4,SOL 미국S&P500ESG,21650,3,0,0.0,21676.0,5.2837,0,0,1191,2026-07-22 23:17:10
0168K0,2,TIGER 기술이전바이오액티브,5585,3,0,0.0,5607.0,-40.2939,0,0,1188,2026-07-22 23:17:10
471760,2,TIGER AI반도체핵심공정,13805,3,0,0.0,13781.0,-33.0252,0,0,1187,2026-07-22 23:17:10
0005D0,2,SOL 전고체배터리&실리콘음극재,12465,3,0,0.0,12460.0,-49.549,0,0,1184,2026-07-22 23:17:10
447620,7,SOL 미국TOP5채권혼합50,15865,3,0,0.0,15881.0,2.5733,0,0,1174,2026-07-22 23:17:10
139220,2,TIGER 200 건설,6825,3,0,0.0,6801.0,-33.8456,0,0,1174,2026-07-22 23:17:10
168580,4,ACE 중국본토CSI300,37535,3,0,0.0,37625.0,-0.3094,0,0,1171,2026-07-22 23:17:10
488500,4,TIGER 미국S&P500동일가중,13295,3,0,0.0,13288.0,5.5619,0,0,1170,2026-07-22 23:17:10
309230,4,ACE 미국WideMoat동일가중,31345,3,0,0.0,31379.0,3.9314,0,0,1166,2026-07-22 23:17:10
332940,1,HANARO MSCI Korea TR,48545,3,0,0.0,48386.0,14.5655,0,0,1165,2026-07-22 23:17:10
0080Y0,2,SOL 조선TOP3플러스레버리지,9165,3,0,0.0,9191.0,-54.827,0,0,1164,2026-07-22 23:17:10
491230,6,PLUS 국공채머니마켓액티브,52320,3,0,0.0,52314.0,0.693,0,0,1162,2026-07-22 23:17:10
261270,7,KODEX 미국달러선물인버스,7535,3,0,0.0,7558.0,-0.4603,0,0,1159,2026-07-22 23:17:10
498180,6,파워 종합채권(AA-이상)액티브,92650,3,0,0.0,92717.0,-3.6429,0,0,1148,2026-07-22 23:17:10
394660,4,TIGER 글로벌자율주행&전기차SOLACTIVE,17155,3,0,0.0,17266.0,-4.8365,0,0,1146,2026-07-22 23:17:10
304940,4,KODEX 미국나스닥100선물(H),31850,3,0,0.0,32118.0,7.6676,0,0,1131,2026-07-22 23:17:10
0132K0,7,PLUS 테슬라위클리커버드콜채권혼합,8485,3,0,0.0,8508.0,0.2828,0,0,1124,2026-07-22 23:17:10
204480,4,TIGER 차이나CSI300레버리지(합성),29945,3,0,0.0,30021.0,-2.9082,0,0,1114,2026-07-22 23:17:10
325020,2,KODEX 배당가치,29125,3,0,0.0,29060.0,4.7515,0,0,1107,2026-07-22 23:17:10
0135Y0,6,IBK 중기종합채권(AA-이상)액티브,99880,3,0,0.0,99866.0,-0.4237,0,0,1106,2026-07-22 23:17:10
377990,2,TIGER Fn신재생에너지,22325,3,0,0.0,22339.0,-27.3455,0,0,1094,2026-07-22 23:17:10
367770,2,RISE 수소경제테마,21165,3,0,0.0,21245.0,-24.2068,0,0,1090,2026-07-22 23:17:10
326240,2,RISE IT플러스,42450,3,0,0.0,42459.0,4.8747,0,0,1087,2026-07-22 23:17:10
457990,2,PLUS 태양광&ESS,32670,3,0,0.0,32778.0,-25.8203,0,0,1078,2026-07-22 23:17:10
319640,4,TIGER 골드선물(H),24410,3,0,0.0,24373.0,-15.7546,0,0,1074,2026-07-22 23:17:10
0191W0,6,HANARO 중기종합채권(A-이상)액티브,100395,3,0,0.0,100381.0,,0,0,1069,2026-07-22 23:17:10
465610,4,ACE 미국빅테크TOP7 Plus레버리지(합성),44330,3,0,0.0,44409.0,4.1246,0,0,1064,2026-07-22 23:17:10
0193M0,6,BNK 27-12 특수채(AAA이상)액티브,50165,3,0,0.0,50165.0,,0,0,1060,2026-07-22 23:17:10
496090,1,KIWOOM 코리아밸류업,32610,3,0,0.0,32597.0,14.4878,0,0,1060,2026-07-22 23:17:10
266370,2,KODEX IT,66180,3,0,0.0,66438.0,16.9819,0,0,1059,2026-07-22 23:17:10
449770,4,KIWOOM 미국S&P500,22035,3,0,0.0,22066.0,5.2884,0,0,1058,2026-07-22 23:17:10
0092B0,2,SOL 한국원자력SMR,13170,3,0,0.0,13230.0,-46.0268,0,0,1054,2026-07-22 23:17:10
0091M0,6,HANARO 27-06 회사채(AA-이상)액티브,10120,3,0,0.0,10120.0,0.4965,0,0,1053,2026-07-22 23:17:10
438570,6,SOL 국고채10년,97270,3,0,0.0,97266.0,-4.1412,0,0,1052,2026-07-22 23:17:10
0221V0,6,IBK 초단기채권액티브,100040,3,0,0.0,100041.0,,0,0,1050,2026-07-22 23:17:10
0085P0,6,ACE 미국10년국채액티브,10580,3,0,0.0,10586.0,-0.9993,0,0,1047,2026-07-22 23:17:10
0162L0,4,KODEX 차이나AI반도체TOP10,16170,3,0,0.0,16153.0,43.5667,0,0,1043,2026-07-22 23:17:10
0184L0,6,PLUS 중기종합채권(A-이상)액티브,100085,3,0,0.0,100091.0,,0,0,1041,2026-07-22 23:17:10
475280,6,ACE 8월만기자동연장회사채AA-이상액티브,10690,3,0,0.0,10699.0,0.8482,0,0,1029,2026-07-22 23:17:10
468380,6,KODEX iShares미국하이일드액티브,11770,3,0,0.0,11772.0,0.6926,0,0,1026,2026-07-22 23:17:10
0035T0,7,PLUS 글로벌휴머노이드로봇액티브,20705,3,0,0.0,20698.0,-4.9488,0,0,1025,2026-07-22 23:17:10
461500,6,HANARO 종합채권(AA-이상)액티브,104265,3,0,0.0,104382.0,-3.5272,0,0,1024,2026-07-22 23:17:10
465780,6,마이티 26-09 특수채(AAA)액티브,106060,3,0,0.0,106070.0,0.6405,0,0,1021,2026-07-22 23:17:10
308620,6,KODEX 미국10년국채선물,12370,3,0,0.0,12354.0,-1.2391,0,0,1014,2026-07-22 23:17:10
469170,2,ACE 포스코그룹포커스,5160,3,0,0.0,5162.0,-36.9757,0,0,1009,2026-07-22 23:17:10
479620,4,SOL 미국AI반도체칩메이커,28070,3,0,0.0,28492.0,41.5184,0,0,996,2026-07-22 23:17:10
114100,6,RISE 국고채3년,105975,3,0,0.0,105999.0,-0.5754,0,0,986,2026-07-22 23:17:10
0007N0,1,아이엠에셋 200,109455,3,0,0.0,109193.0,12.5146,0,0,985,2026-07-22 23:17:10
476850,1,KoAct 배당성장액티브,21650,3,0,0.0,21569.0,6.7276,0,0,985,2026-07-22 23:17:10
454320,2,HANARO CAPEX설비투자iSelect,39315,3,0,0.0,39345.0,-25.1058,0,0,983,2026-07-22 23:17:10
203780,4,TIGER 미국나스닥바이오,35030,3,0,0.0,35124.0,7.2735,0,0,981,2026-07-22 23:17:10
0138Y0,7,PLUS 금채권혼합,9810,3,0,0.0,9789.0,-7.7106,0,0,976,2026-07-22 23:17:10
475050,2,ACE KPOP포커스,6870,3,0,0.0,6869.0,-26.8967,0,0,972,2026-07-22 23:17:10
455860,2,SOL 2차전지소부장Fn,4015,3,0,0.0,4022.0,-45.5881,0,0,972,2026-07-22 23:17:10
195980,4,PLUS 신흥국MSCI(합성 H),14775,3,0,0.0,14874.0,3.3356,0,0,969,2026-07-22 23:17:10
481430,6,RISE 국고채10년액티브,97225,3,0,0.0,97237.0,-4.0591,0,0,968,2026-07-22 23:17:10
0000J0,2,PLUS 한화그룹주,25000,3,0,0.0,25011.0,-38.7288,0,0,963,2026-07-22 23:17:10
0177X0,2,ACE K휴머노이드로봇산업TOP2+,9105,3,0,0.0,9122.0,-32.1638,0,0,956,2026-07-22 23:17:10
143850,4,TIGER 미국S&P500선물(H),75725,3,0,0.0,75694.0,4.1887,0,0,947,2026-07-22 23:17:10
473440,6,ACE 11월만기자동연장회사채AA-이상액티브,10810,3,0,0.0,10807.0,0.6526,0,0,940,2026-07-22 23:17:10
485690,4,RISE 미국AI밸류체인TOP3Plus,22270,3,0,0.0,22504.0,10.1728,0,0,935,2026-07-22 23:17:10
0137V0,4,KIWOOM 미국S&P500모멘텀,12300,3,0,0.0,12396.0,14.9338,0,0,935,2026-07-22 23:17:10
433970,7,KODEX TDF2030액티브 적격,14295,3,0,0.0,14292.0,1.4969,0,0,922,2026-07-22 23:17:10
269540,4,PLUS 미국S&P500(H),29660,3,0,0.0,29745.0,5.0494,0,0,919,2026-07-22 23:17:10
486240,2,DAISHIN343 AI반도체&인프라액티브,28600,3,0,0.0,28465.0,9.0204,0,0,915,2026-07-22 23:17:10
460960,7,ACE 글로벌인컴TOP10,11865,3,0,0.0,11858.0,0.606,0,0,908,2026-07-22 23:17:10
329670,7,KODEX TRF7030,22670,3,0,0.0,22707.0,1.7256,0,0,907,2026-07-22 23:17:10
495040,1,PLUS 코리아밸류업,32340,3,0,0.0,32290.0,13.6796,0,0,906,2026-07-22 23:17:10
298770,4,KODEX 한국대만IT프리미어,82015,3,0,0.0,82548.0,20.8963,0,0,902,2026-07-22 23:17:10
211900,2,KODEX 코리아배당성장,27925,3,0,0.0,28098.0,-7.5543,0,0,894,2026-07-22 23:17:10
0142D0,4,TIGER 미국AI데이터센터TOP4Plus,10600,3,0,0.0,10795.0,-11.7198,0,0,890,2026-07-22 23:17:10
444490,4,WON 미국S&P500,21070,3,0,0.0,21091.0,5.4353,0,0,885,2026-07-22 23:17:10
0209D0,2,KODEX 전고체배터리ESS TOP2플러스,6965,3,0,0.0,6962.0,,0,0,878,2026-07-22 23:17:10
0052T0,6,1Q 중단기회사채(A-이상)액티브,50480,3,0,0.0,50495.0,0.4376,0,0,875,2026-07-22 23:17:10
453080,4,KIWOOM 미국나스닥100(H),22575,3,0,0.0,22762.0,7.7302,0,0,858,2026-07-22 23:17:10
130730,6,KIWOOM 단기자금,102680,3,0,0.0,102703.0,0.6025,0,0,854,2026-07-22 23:17:10
329660,7,KODEX TRF5050,18170,3,0,0.0,18228.0,0.5736,0,0,854,2026-07-22 23:17:10
0066W0,5,SOL 국제금,12900,3,0,0.0,12790.0,-14.6219,0,0,851,2026-07-22 23:17:10
488720,7,WON 종합채권(AA-이상)액티브,48275,3,0,0.0,48288.0,-3.506,0,0,843,2026-07-22 23:17:10
486830,6,HANARO 머니마켓액티브,53075,3,0,0.0,53075.0,0.7308,0,0,843,2026-07-22 23:17:10
108450,2,ACE 삼성그룹섹터가중,37895,3,0,0.0,37997.0,4.1601,0,0,834,2026-07-22 23:17:10
492500,7,1Q 현대차그룹채권(A+이상)&국고통안,51060,3,0,0.0,51074.0,0.0,0,0,828,2026-07-22 23:17:10
469060,4,RISE 미국반도체NYSE,38430,3,0,0.0,39261.0,28.8765,0,0,826,2026-07-22 23:17:10
0017Y0,6,1Q 종합채권(AA-이상)액티브,93280,3,0,0.0,93288.0,-3.749,0,0,825,2026-07-22 23:17:10
461460,6,PLUS 국고채10년액티브,50810,3,0,0.0,50849.0,-4.1644,0,0,824,2026-07-22 23:17:10
0049M0,4,ACE 미국배당퀄리티+커버드콜액티브,11850,3,0,0.0,11904.0,2.0997,0,0,818,2026-07-22 23:17:10
453330,4,RISE 미국S&P500(H),17740,3,0,0.0,17790.0,5.1534,0,0,816,2026-07-22 23:17:10
438560,6,SOL 국고채3년,99855,3,0,0.0,99834.0,-0.5475,0,0,812,2026-07-22 23:17:10
337140,2,KODEX 코스피대형주,36370,3,0,0.0,36242.0,9.1884,0,0,800,2026-07-22 23:17:10
0194T0,2,ACE SK하이닉스단일종목레버리지,11970,3,0,0.0,12095.0,,0,0,799,2026-07-22 23:17:10
495750,1,HANARO 코리아밸류업,32435,3,0,0.0,32566.0,14.5368,0,0,795,2026-07-22 23:17:10
138530,2,TIGER LG그룹플러스,11315,3,0,0.0,11327.0,-3.1295,0,0,794,2026-07-22 23:17:10
176950,6,KODEX 국채선물10년인버스,60815,3,0,0.0,60826.0,5.4456,0,0,792,2026-07-22 23:17:10
0113D0,4,TIME 글로벌탑픽액티브,12550,3,0,0.0,12550.0,3.1706,0,0,791,2026-07-22 23:17:10
0057H0,7,PLUS 미국S&P500미국채혼합50액티브,12330,3,0,0.0,12336.0,3.448,0,0,789,2026-07-22 23:17:10
295020,6,RISE 국채선물10년인버스,61010,3,0,0.0,61023.0,5.4039,0,0,786,2026-07-22 23:17:10
0018C0,2,PLUS 고배당주위클리고정커버드콜,10900,3,0,0.0,10829.0,-15.1967,0,0,779,2026-07-22 23:17:10
490480,2,SOL K방산,27315,3,0,0.0,27363.0,-32.1993,0,0,778,2026-07-22 23:17:10
458030,6,WON 국공채머니마켓액티브,54855,3,0,0.0,54856.0,0.6699,0,0,772,2026-07-22 23:17:10
0098N0,2,PLUS 자사주매입고배당주,12650,3,0,0.0,12673.0,-3.5167,0,0,772,2026-07-22 23:17:10
434960,1,DAISHIN343 K200,109090,3,0,0.0,109435.0,11.785,0,0,764,2026-07-22 23:17:10
292190,1,KODEX KRX300,47575,3,0,0.0,47780.0,7.8763,0,0,761,2026-07-22 23:17:10
272910,6,ACE 중장기국공채액티브,105415,3,0,0.0,105397.0,-1.2124,0,0,755,2026-07-22 23:17:10
365040,1,TIGER AI코리아그로스액티브,35745,3,0,0.0,35612.0,8.4463,0,0,751,2026-07-22 23:17:10
0190Y0,4,TIGER 구글밸류체인,9485,3,0,0.0,9481.0,,0,0,749,2026-07-22 23:17:10
412770,4,TIGER 글로벌AI플랫폼액티브,13070,3,0,0.0,13217.0,6.0048,0,0,749,2026-07-22 23:17:10
211560,2,TIGER 배당성장,35085,3,0,0.0,35199.0,-6.6104,0,0,747,2026-07-22 23:17:10
210780,2,TIGER 코스피고배당,22610,3,0,0.0,22670.0,-12.3263,0,0,746,2026-07-22 23:17:10
228810,2,TIGER 미디어컨텐츠,3140,3,0,0.0,3139.0,-34.8709,0,0,746,2026-07-22 23:17:10
157490,2,TIGER 소프트웨어,7930,3,0,0.0,7917.0,-16.0772,0,0,742,2026-07-22 23:17:10
0080X0,7,SOL 미국S&P500미국채혼합50,11645,3,0,0.0,11653.0,2.0043,0,0,734,2026-07-22 23:17:10
364960,2,TIGER BBIG,5950,3,0,0.0,5924.0,-24.7851,0,0,729,2026-07-22 23:17:10
441540,2,HANARO Fn조선해운,26415,3,0,0.0,26377.0,-24.7086,0,0,726,2026-07-22 23:17:10
359210,1,KODEX 코스피TR,35370,3,0,0.0,35247.0,6.0633,0,0,707,2026-07-22 23:17:10
453950,4,TIGER TSMC파운드리밸류체인,36070,3,0,0.0,36678.0,13.6746,0,0,703,2026-07-22 23:17:10
0192L0,2,RISE SK하이닉스단일종목레버리지,12095,3,0,0.0,12288.0,,0,0,702,2026-07-22 23:17:10
0098Z0,1,FOCUS 200,93315,3,0,0.0,92861.0,11.6027,0,0,700,2026-07-22 23:17:10
0022T0,4,SOL 국제금커버드콜액티브,13400,3,0,0.0,13269.0,-14.1329,0,0,697,2026-07-22 23:17:10
277640,2,TIGER 코스피대형주,37580,3,0,0.0,37451.0,9.0944,0,0,695,2026-07-22 23:17:10
475310,2,SOL 반도체후공정,24770,3,0,0.0,24917.0,-23.213,0,0,694,2026-07-22 23:17:10
475350,4,RISE 버크셔포트폴리오TOP10,15575,3,0,0.0,15578.0,9.0558,0,0,693,2026-07-22 23:17:10
440640,6,ACE 단기채권알파액티브,112250,3,0,0.0,112245.0,0.6908,0,0,688,2026-07-22 23:17:10
458750,4,TIGER 미국배당다우존스타겟커버드콜1호,13450,3,0,0.0,13422.0,6.1952,0,0,686,2026-07-22 23:17:10
0040S0,4,HANARO 글로벌피지컬AI액티브,25540,3,0,0.0,25970.0,12.8852,0,0,677,2026-07-22 23:17:10
0194M0,2,ACE 삼성전자단일종목레버리지,12575,3,0,0.0,12633.0,,0,0,673,2026-07-22 23:17:10
495940,4,RISE 미국AI테크액티브,21670,3,0,0.0,21833.0,15.0,0,0,672,2026-07-22 23:17:10
0102A0,4,TIGER 미국AI소프트웨어TOP4Plus,7790,3,0,0.0,7794.0,-2.625,0,0,670,2026-07-22 23:17:10
0000D0,7,TIGER 엔비디아미국채커버드콜밸런스(합성),9800,3,0,0.0,9770.0,-0.3895,0,0,666,2026-07-22 23:17:10
433880,7,PLUS TDF2060액티브 적격,19420,3,0,0.0,19314.0,3.057,0,0,666,2026-07-22 23:17:10
306950,3,KODEX KRX300레버리지,83230,3,0,0.0,82791.0,3.9947,0,0,666,2026-07-22 23:17:10
0036D0,4,TIME 미국배당다우존스액티브,13155,3,0,0.0,13145.0,15.3196,0,0,664,2026-07-22 23:17:10
0197W0,2,SOL SK하이닉스단일종목레버리지,11860,3,0,0.0,11982.0,,0,0,664,2026-07-22 23:17:10
491700,1,HK 200,110200,3,0,0.0,109433.0,12.2841,0,0,661,2026-07-22 23:17:10
252400,3,RISE 200선물레버리지,109980,3,0,0.0,110231.0,9.5789,0,0,660,2026-07-22 23:17:10
0008T0,2,SOL 화장품TOP3플러스,14025,3,0,0.0,13996.0,-11.7108,0,0,659,2026-07-22 23:17:10
0089C0,4,KODEX 미국S&P500변동성확대시커버드콜,11935,3,0,0.0,11981.0,4.4293,0,0,650,2026-07-22 23:17:10
228800,2,TIGER 여행레저,2465,3,0,0.0,2468.0,-25.1159,0,0,646,2026-07-22 23:17:10
479730,4,TIGER 인도빌리언컨슈머,10400,3,0,0.0,10426.0,-1.0609,0,0,645,2026-07-22 23:17:10
0115E0,2,KODEX 코리아소버린AI,13275,3,0,0.0,13245.0,-10.9627,0,0,644,2026-07-22 23:17:10
123310,3,TIGER 인버스,1246,3,0,0.0,1248.0,-19.8464,0,0,630,2026-07-22 23:17:10
0123S0,2,HANARO 26-12 은행채(AA+이상)액티브,10165,3,0,0.0,10155.0,0.4455,0,0,630,2026-07-22 23:17:10
261240,7,KODEX 미국달러선물,15245,3,0,0.0,15235.0,0.9324,0,0,628,2026-07-22 23:17:10
278620,6,PLUS 단기채권액티브,118480,3,0,0.0,118483.0,0.2921,0,0,628,2026-07-22 23:17:10
261220,5,KODEX WTI원유선물(H),23900,3,0,0.0,23972.0,1.3333,0,0,627,2026-07-22 23:17:10
455660,6,ACE 미국하이일드액티브(H),9505,3,0,0.0,9497.0,-0.2585,0,0,627,2026-07-22 23:17:10
0111J0,2,HANARO 증권고배당TOP3플러스,13775,3,0,0.0,13783.0,-26.1206,0,0,627,2026-07-22 23:17:10
487130,2,KoAct AI인프라액티브,27220,3,0,0.0,27163.0,-1.3563,0,0,626,2026-07-22 23:17:10
419890,6,KIWOOM 단기채권ESG액티브,107040,3,0,0.0,107036.0,0.2294,0,0,621,2026-07-22 23:17:10
428510,4,KODEX 차이나AI테크액티브,26855,3,0,0.0,26795.0,14.8291,0,0,618,2026-07-22 23:17:10
100910,1,KIWOOM KRX100,17150,3,0,0.0,17135.0,11.98,0,0,617,2026-07-22 23:17:10
453640,4,KODEX 미국S&P500헬스케어,14345,3,0,0.0,14366.0,8.434,0,0,617,2026-07-22 23:17:10
476750,6,ACE 미국30년국채엔화노출액티브(H),7905,3,0,0.0,7919.0,-5.0325,0,0,617,2026-07-22 23:17:10
0181L0,4,SOL 미국우주항공TOP10,7455,3,0,0.0,7340.0,-30.1092,0,0,604,2026-07-22 23:17:10
266420,2,KODEX 헬스케어,15090,3,0,0.0,15056.0,-29.7682,0,0,604,2026-07-22 23:17:10
440910,4,WON 미국우주항공방산,26765,3,0,0.0,26693.0,-4.7498,0,0,602,2026-07-22 23:17:10
304780,3,HANARO 200선물레버리지,133650,3,0,0.0,133883.0,10.0605,0,0,601,2026-07-22 23:17:10
476260,2,HANARO 반도체핵심공정주도주,13095,3,0,0.0,13105.0,-2.4469,0,0,596,2026-07-22 23:17:10
480310,4,TIGER 글로벌온디바이스AI,21140,3,0,0.0,21504.0,32.2086,0,0,592,2026-07-22 23:17:10
455960,6,RISE 미국달러SOFR금리액티브(합성),12920,3,0,0.0,12924.0,1.1408,0,0,592,2026-07-22 23:17:10
465330,2,RISE 2차전지TOP10,9805,3,0,0.0,9859.0,-38.6566,0,0,586,2026-07-22 23:17:10
275980,4,TIGER 글로벌4차산업혁신기술(합성 H),22700,3,0,0.0,22987.0,2.8707,0,0,586,2026-07-22 23:17:10
298340,6,PLUS 국채선물3년,56095,3,0,0.0,56093.0,-0.4341,0,0,586,2026-07-22 23:17:10
473640,4,HANARO 글로벌금채굴기업,29200,3,0,0.0,28682.0,-25.3037,0,0,584,2026-07-22 23:17:10
491220,1,PLUS 200TR,129155,3,0,0.0,128831.0,11.6354,0,0,581,2026-07-22 23:17:10
0185L0,4,TIME 글로벌휴머노이드로봇산업액티브,8170,3,0,0.0,8215.0,,0,0,580,2026-07-22 23:17:10
0166S0,2,PLUS K제조업핵심기업액티브,10745,3,0,0.0,10741.0,-5.0359,0,0,575,2026-07-22 23:17:10
0118Z0,4,ACE 미국AI테크핵심산업액티브,9220,3,0,0.0,9246.0,-5.861,0,0,572,2026-07-22 23:17:10
114470,6,KIWOOM 국고채3년,107415,3,0,0.0,107370.0,-0.5793,0,0,569,2026-07-22 23:17:10
225040,4,TIGER 미국S&P500레버리지(합성 H),64660,3,0,0.0,65029.0,8.4341,0,0,569,2026-07-22 23:17:10
360140,2,KODEX 200롱코스닥150숏선물,25805,3,0,0.0,25831.0,69.4054,0,0,568,2026-07-22 23:17:10
401470,2,KODEX 메타버스액티브,9170,3,0,0.0,9147.0,-1.7932,0,0,555,2026-07-22 23:17:10
0172V0,5,1Q 은액티브,8265,3,0,0.0,8189.0,-25.734,0,0,554,2026-07-22 23:17:10
253150,3,PLUS 200선물레버리지,220410,3,0,0.0,220046.0,10.1356,0,0,551,2026-07-22 23:17:10
0046Y0,4,ACE 미국배당퀄리티,13080,3,0,0.0,13085.0,2.0304,0,0,549,2026-07-22 23:17:10
0141S0,2,SOL 조선기자재,8605,3,0,0.0,8592.0,-39.1364,0,0,546,2026-07-22 23:17:10
385590,2,ACE ESG액티브,23615,3,0,0.0,23588.0,14.6093,0,0,543,2026-07-22 23:17:10
152500,3,ACE 레버리지,48545,3,0,0.0,48688.0,9.2021,0,0,534,2026-07-22 23:17:10
0118S0,4,SOL 미국넥스트테크TOP10액티브,11305,3,0,0.0,11372.0,-9.2672,0,0,531,2026-07-22 23:17:10
150460,2,TIGER 중국소비테마,6890,3,0,0.0,6910.0,-10.8783,0,0,529,2026-07-22 23:17:10
0113P0,6,HK 머니마켓액티브,102045,3,0,0.0,102043.0,0.6908,0,0,529,2026-07-22 23:17:10
445150,2,KODEX 친환경조선해운액티브,27750,3,0,0.0,27653.0,-29.331,0,0,527,2026-07-22 23:17:10
256750,4,KODEX 차이나심천ChiNext(합성),17195,3,0,0.0,17148.0,-0.3129,0,0,526,2026-07-22 23:17:10
0210E0,2,PLUS 200커버드콜액티브,7700,3,0,0.0,7702.0,,0,0,524,2026-07-22 23:17:10
282000,3,RISE 국고채3년선물인버스,114925,3,0,0.0,114932.0,1.3966,0,0,517,2026-07-22 23:17:10
200030,4,KODEX 미국S&P500산업재(합성),45555,3,0,0.0,45613.0,2.9617,0,0,514,2026-07-22 23:17:10
0139P0,2,ACE 고배당주,13420,3,0,0.0,13408.0,-5.8109,0,0,510,2026-07-22 23:17:10
275300,2,KODEX 우량주,29955,3,0,0.0,30123.0,17.7242,0,0,509,2026-07-22 23:17:10
0132H0,4,KODEX 미국원자력SMR,8870,3,0,0.0,8746.0,-27.4335,0,0,506,2026-07-22 23:17:10
475260,6,ACE 2월만기자동연장회사채AA-이상액티브,10705,3,0,0.0,10701.0,0.4694,0,0,504,2026-07-22 23:17:10
218420,4,KODEX 미국S&P500에너지(합성),20320,3,0,0.0,20181.0,5.4419,0,0,497,2026-07-22 23:17:10
287180,4,PLUS 미국나스닥테크,57990,3,0,0.0,57978.0,22.256,0,0,493,2026-07-22 23:17:10
461340,4,HANARO 글로벌생성형AI액티브,44790,3,0,0.0,45326.0,17.9213,0,0,493,2026-07-22 23:17:10
101280,4,KODEX 일본TOPIX100,31175,3,0,0.0,31146.0,4.5469,0,0,493,2026-07-22 23:17:10
371470,4,TIGER 차이나바이오테크SOLACTIVE,8735,3,0,0.0,8741.0,-3.5029,0,0,489,2026-07-22 23:17:10
442260,1,마이티 다이나믹퀀트액티브,38185,3,0,0.0,38075.0,12.8372,0,0,489,2026-07-22 23:17:10
472830,6,RISE 미국30년국채커버드콜(합성),8700,3,0,0.0,8699.0,-2.2251,0,0,483,2026-07-22 23:17:10
0086B0,2,TIGER 리츠부동산인프라TOP10액티브,9375,3,0,0.0,9394.0,-17.814,0,0,483,2026-07-22 23:17:10
442560,7,RISE TDF2040액티브 적격,16915,3,0,0.0,16792.0,4.0457,0,0,482,2026-07-22 23:17:10
473490,4,KIWOOM 글로벌AI반도체,33200,3,0,0.0,33581.0,24.3133,0,0,481,2026-07-22 23:17:10
140950,1,파워 코스피100,85550,3,0,0.0,85715.0,13.8607,0,0,479,2026-07-22 23:17:10
0020H0,4,KoAct 글로벌양자컴퓨팅액티브,23215,3,0,0.0,23278.0,1.5559,0,0,476,2026-07-22 23:17:10
0192M0,2,RISE 삼성전자단일종목레버리지,12675,3,0,0.0,12694.0,,0,0,475,2026-07-22 23:17:10
140700,2,KODEX 보험,19010,3,0,0.0,18941.0,17.8841,0,0,475,2026-07-22 23:17:10
336160,6,RISE 금융채액티브,100045,3,0,0.0,100015.0,-0.5094,0,0,474,2026-07-22 23:17:10
276990,4,KODEX 글로벌로봇(합성),26745,3,0,0.0,26895.0,-2.1768,0,0,473,2026-07-22 23:17:10
261070,2,TIGER 코스닥150바이오테크,10445,3,0,0.0,10509.0,-40.9409,0,0,470,2026-07-22 23:17:10
0178H0,7,IBK 미국AI TOP10국채혼합50,10060,3,0,0.0,9956.0,,0,0,468,2026-07-22 23:17:10
0041D0,4,KODEX 미국AI소프트웨어TOP10,12375,3,0,0.0,12317.0,-2.6995,0,0,464,2026-07-22 23:17:10
494840,4,TIGER 미국방산TOP10,13215,3,0,0.0,13168.0,-8.0592,0,0,463,2026-07-22 23:17:10
447430,2,ACE 주주환원가치주액티브,15855,3,0,0.0,15778.0,-12.3415,0,0,460,2026-07-22 23:17:10
278240,3,RISE 코스닥150선물레버리지,6620,3,0,0.0,6619.0,-63.8609,0,0,459,2026-07-22 23:17:10
453650,4,KODEX 미국S&P500금융,20320,3,0,0.0,20341.0,7.233,0,0,457,2026-07-22 23:17:10
418670,4,TIGER 글로벌AI사이버보안,17550,3,0,0.0,17567.0,52.5104,0,0,456,2026-07-22 23:17:10
0000Z0,2,RISE 바이오TOP10액티브,8200,3,0,0.0,8209.0,-44.5295,0,0,455,2026-07-22 23:17:10
475270,6,ACE 5월만기자동연장회사채AA-이상액티브,10680,3,0,0.0,10687.0,0.6117,0,0,445,2026-07-22 23:17:10
440650,6,ACE 미국달러단기채권액티브,12365,3,0,0.0,12368.0,0.8603,0,0,445,2026-07-22 23:17:10
452250,6,ACE 미국30년국채선물레버리지(합성 H),4855,3,0,0.0,4884.0,-7.0755,0,0,444,2026-07-22 23:17:10
401170,2,RISE 메타버스,11105,3,0,0.0,11057.0,20.5017,0,0,442,2026-07-22 23:17:10
253250,3,KIWOOM 200선물레버리지,107575,3,0,0.0,107629.0,9.1196,0,0,441,2026-07-22 23:17:10
375770,2,KODEX 탄소효율그린뉴딜,24445,3,0,0.0,24357.0,7.0873,0,0,440,2026-07-22 23:17:10
196030,4,ACE 일본TOPIX레버리지(H),87050,3,0,0.0,87218.0,12.7006,0,0,435,2026-07-22 23:17:10
238720,4,ACE 일본Nikkei225(H),48135,3,0,0.0,48082.0,12.0921,0,0,433,2026-07-22 23:17:10
429760,4,PLUS 미국S&P500,20495,3,0,0.0,20507.0,5.5689,0,0,430,2026-07-22 23:17:10
0007G0,4,PLUS 글로벌원자력밸류체인,14075,3,0,0.0,14131.0,-22.2035,0,0,429,2026-07-22 23:17:10
464470,6,PLUS 미국채30년액티브,51980,3,0,0.0,51977.0,-2.5192,0,0,428,2026-07-22 23:17:10
456680,4,TIGER 차이나전기차레버리지(합성),7190,3,0,0.0,7306.0,-38.363,0,0,426,2026-07-22 23:17:10
442090,2,에셋플러스 코리아대장장이액티브,28410,3,0,0.0,28276.0,-5.9603,0,0,426,2026-07-22 23:17:10
407830,4,에셋플러스 글로벌플랫폼액티브,15200,3,0,0.0,15298.0,-1.4639,0,0,426,2026-07-22 23:17:10
305050,1,ACE 코스피,70820,3,0,0.0,70559.0,5.7523,0,0,425,2026-07-22 23:17:10
473590,4,ACE 미국주식베스트셀러,19300,3,0,0.0,19564.0,-10.3848,0,0,425,2026-07-22 23:17:10
0191M0,6,마이티 5월만기자동연장특수채(AAA)액티브,100370,3,0,0.0,100381.0,,0,0,416,2026-07-22 23:17:10
475070,4,KoAct 글로벌친환경전력인프라액티브,32800,3,0,0.0,33020.0,-9.6405,0,0,410,2026-07-22 23:17:10
472840,1,IBK 200,108700,3,0,0.0,108128.0,12.062,0,0,408,2026-07-22 23:17:10
449690,4,TIGER 한중반도체(합성),54295,3,0,0.0,54378.0,33.317,0,0,407,2026-07-22 23:17:10
0189B0,5,TIGER 은액티브,7950,3,0,0.0,7954.0,,0,0,405,2026-07-22 23:17:10
448570,1,FOCUS AI코리아액티브,30015,3,0,0.0,29914.0,4.9398,0,0,405,2026-07-22 23:17:10
491830,4,TIGER 미국AI반도체팹리스,23125,3,0,0.0,23432.0,29.7708,0,0,405,2026-07-22 23:17:10
437070,6,KODEX 아시아달러채권ESG플러스액티브,63900,3,0,0.0,63897.0,-0.3085,0,0,404,2026-07-22 23:17:10
183700,7,RISE 200채권혼합50,95950,3,0,0.0,95767.0,5.944,0,0,403,2026-07-22 23:17:10
352540,7,KODEX 일본부동산리츠(H),11770,3,0,0.0,11810.0,-2.4284,0,0,400,2026-07-22 23:17:10
322410,2,HANARO K고배당,22215,3,0,0.0,22292.0,-8.575,0,0,400,2026-07-22 23:17:10
465350,3,RISE 2차전지TOP10인버스(합성),19810,3,0,0.0,20006.0,44.4804,0,0,396,2026-07-22 23:17:10
139280,2,TIGER 경기방어,11860,3,0,0.0,11876.0,-13.9349,0,0,396,2026-07-22 23:17:10
400970,2,TIGER Fn메타버스,7530,3,0,0.0,7499.0,-10.7276,0,0,392,2026-07-22 23:17:10
261120,7,TIGER 미국달러선물인버스2X,4630,3,0,0.0,4628.0,-1.2685,0,0,389,2026-07-22 23:17:10
139320,5,TIGER 금은선물(H),17250,3,0,0.0,17036.0,-17.0649,0,0,388,2026-07-22 23:17:10
275280,2,KODEX 모멘텀주,42760,3,0,0.0,42613.0,13.9769,0,0,385,2026-07-22 23:17:10
316670,1,KIWOOM 코스닥150,6250,3,0,0.0,6283.0,-36.2104,0,0,380,2026-07-22 23:17:10
465660,4,TIGER 일본반도체FACTSET,28120,3,0,0.0,28091.0,17.5611,0,0,380,2026-07-22 23:17:10
0193G0,1,KoAct 코스피액티브,8435,3,0,0.0,8468.0,,0,0,380,2026-07-22 23:17:10
147970,2,TIGER 모멘텀,79000,3,0,0.0,79475.0,-4.6184,0,0,379,2026-07-22 23:17:10
498860,2,RISE 코리아금융고배당,17230,3,0,0.0,17175.0,-16.8298,0,0,379,2026-07-22 23:17:10
459560,4,KODEX 테슬라밸류체인FactSet,24310,3,0,0.0,24438.0,10.0874,0,0,377,2026-07-22 23:17:10
468630,6,KODEX iShares미국투자등급회사채액티브,11700,3,0,0.0,11708.0,-1.4108,0,0,376,2026-07-22 23:17:10
0220B0,1,DS 코스닥액티브,10350,3,0,0.0,10334.0,,0,0,373,2026-07-22 23:17:10
195930,4,TIGER 유로스탁스50(합성 H),23100,3,0,0.0,23131.0,5.5786,0,0,370,2026-07-22 23:17:10
0141T0,6,SOL 중기종합채권(AA-이상)액티브,49985,3,0,0.0,50005.0,-0.3786,0,0,369,2026-07-22 23:17:10
352560,7,KODEX 미국부동산리츠(H),12680,3,0,0.0,12676.0,2.5341,0,0,368,2026-07-22 23:17:10
0154F0,2,WON 초대형IB&금융지주,12425,3,0,0.0,12482.0,-13.8471,0,0,367,2026-07-22 23:17:10
0100K0,2,KODEX 방산TOP10레버리지,6535,3,0,0.0,6484.0,-60.2345,0,0,366,2026-07-22 23:17:10
474800,4,KIWOOM 미국원유에너지기업,15860,3,0,0.0,15903.0,5.2837,0,0,365,2026-07-22 23:17:10
292770,6,KODEX 국채선물3년인버스,57790,3,0,0.0,57827.0,1.4585,0,0,364,2026-07-22 23:17:10
276970,4,KODEX 미국S&P500배당귀족커버드콜(합성 H),7720,3,0,0.0,7730.0,1.2356,0,0,363,2026-07-22 23:17:10
476690,4,TIGER 글로벌비만치료제TOP2Plus,11330,3,0,0.0,11382.0,12.0553,0,0,363,2026-07-22 23:17:10
174360,4,RISE 중국본토대형주CSI100,25755,3,0,0.0,25919.0,1.7125,0,0,361,2026-07-22 23:17:10
138910,5,KODEX 구리선물(H),9960,3,0,0.0,9965.0,5.3191,0,0,359,2026-07-22 23:17:10
0193L0,2,PLUS 삼성전자선물단일종목인버스2X,16260,3,0,0.0,16358.0,,0,0,354,2026-07-22 23:17:10
153270,1,KIWOOM 코스피100,84300,3,0,0.0,84219.0,13.3849,0,0,354,2026-07-22 23:17:10
292560,7,TIGER 일본엔선물,8400,3,0,0.0,8410.0,-1.8714,0,0,353,2026-07-22 23:17:10
415340,4,KODEX 차이나과창판STAR50(합성),17035,3,0,0.0,17056.0,33.7631,0,0,353,2026-07-22 23:17:10
365000,2,TIGER 인터넷TOP10,3520,3,0,0.0,3504.0,-28.6039,0,0,352,2026-07-22 23:17:10
099140,4,KODEX 차이나H,22560,3,0,0.0,22536.0,-4.5076,0,0,350,2026-07-22 23:17:10
256440,4,ACE MSCI인도네시아(합성),5725,3,0,0.0,5746.0,-21.8944,0,0,349,2026-07-22 23:17:10
104530,2,KIWOOM 코리아고배당,16990,3,0,0.0,17091.0,-16.5519,0,0,348,2026-07-22 23:17:10
0112X0,1,마이티 200TR,40935,3,0,0.0,40786.0,12.3229,0,0,348,2026-07-22 23:17:10
322400,2,HANARO e커머스,10150,3,0,0.0,10104.0,-15.9289,0,0,345,2026-07-22 23:17:10
491090,4,KODEX 미국테크TOP3플러스,18615,3,0,0.0,18626.0,7.7181,0,0,344,2026-07-22 23:17:10
0085N0,6,ACE 미국10년국채액티브(H),9815,3,0,0.0,9813.0,-1.4476,0,0,344,2026-07-22 23:17:10
241390,7,RISE V&S셀렉트밸류채권혼합,15590,3,0,0.0,15563.0,-3.5248,0,0,343,2026-07-22 23:17:10
276650,4,RISE 글로벌테크놀로지(합성 H),45465,3,0,0.0,45523.0,9.823,0,0,341,2026-07-22 23:17:10
105780,2,RISE 5대그룹주,17025,3,0,0.0,16958.0,11.7781,0,0,341,2026-07-22 23:17:10
271060,5,KODEX 3대농산물선물(H),8395,3,0,0.0,8380.0,0.3623,0,0,337,2026-07-22 23:17:10
252710,3,TIGER 200선물인버스2X,108,3,0,0.0,107.0,-43.5234,0,0,337,2026-07-22 23:17:10
494340,4,ACE 글로벌AI맞춤형반도체,21065,3,0,0.0,21463.0,18.6961,0,0,337,2026-07-22 23:17:10
139270,2,TIGER 200 금융,16830,3,0,0.0,16909.0,-0.4343,0,0,337,2026-07-22 23:17:10
464920,4,PLUS 일본반도체소부장,26720,3,0,0.0,26827.0,10.3852,0,0,334,2026-07-22 23:17:10
415920,5,PLUS 글로벌희토류&전략자원생산기업,7105,3,0,0.0,7103.0,-31.6303,0,0,334,2026-07-22 23:17:10
122260,6,KIWOOM 통안채1년,103840,3,0,0.0,103853.0,0.4935,0,0,332,2026-07-22 23:17:10
385520,2,KODEX 자율주행액티브,15760,3,0,0.0,15702.0,-11.9086,0,0,331,2026-07-22 23:17:10
459750,4,RISE 글로벌주식분산액티브,18900,3,0,0.0,18775.0,3.3907,0,0,331,2026-07-22 23:17:10
449780,4,KIWOOM 미국S&P500(H),18315,3,0,0.0,18365.0,4.6584,0,0,330,2026-07-22 23:17:10
494410,4,PLUS 미국S&P500성장주,14885,3,0,0.0,14905.0,6.4723,0,0,327,2026-07-22 23:17:10
469050,4,RISE 미국반도체NYSE(H),32680,3,0,0.0,33393.0,28.2453,0,0,327,2026-07-22 23:17:10
450190,4,KODEX 한중반도체(합성),54365,3,0,0.0,54843.0,32.8151,0,0,326,2026-07-22 23:17:10
476070,4,KODEX 글로벌비만치료제TOP2 Plus,11845,3,0,0.0,11865.0,10.8948,0,0,326,2026-07-22 23:17:10
245350,4,TIGER 유로스탁스배당30,20355,3,0,0.0,20325.0,3.62,0,0,326,2026-07-22 23:17:10
192720,2,파워 고배당저변동성,56835,3,0,0.0,57014.0,-4.7644,0,0,324,2026-07-22 23:17:10
0164G0,4,RISE 차이나AI반도체TOP4Plus,15400,3,0,0.0,15448.0,38.3767,0,0,323,2026-07-22 23:17:10
380340,2,ACE 코리아AI테크핵심산업,26920,3,0,0.0,26802.0,13.9867,0,0,323,2026-07-22 23:17:10
0138T0,4,RISE 미국S&P500데일리고정커버드콜,10065,3,0,0.0,10076.0,5.4106,0,0,322,2026-07-22 23:17:10
0186S0,7,1Q 코스닥150채권혼합50액티브,7855,3,0,0.0,7900.0,,0,0,322,2026-07-22 23:17:10
0204S0,1,TIGER 코스닥액티브,6650,3,0,0.0,6636.0,,0,0,322,2026-07-22 23:17:10
496770,4,PLUS 글로벌방산,17760,3,0,0.0,17785.0,-10.0777,0,0,320,2026-07-22 23:17:10
261140,2,TIGER 우선주,23730,3,0,0.0,23759.0,-8.5603,0,0,318,2026-07-22 23:17:10
395170,2,KODEX Top10동일가중,15855,3,0,0.0,15943.0,-5.8413,0,0,317,2026-07-22 23:17:10
0107F0,4,KIWOOM 미국고배당&AI테크,12420,3,0,0.0,12445.0,8.3235,0,0,317,2026-07-22 23:17:10
395290,2,HANARO Fn K-POP&미디어,5045,3,0,0.0,5022.0,-28.5917,0,0,315,2026-07-22 23:17:10
387270,4,TIGER 글로벌이노베이션액티브,26035,3,0,0.0,26254.0,7.7916,0,0,315,2026-07-22 23:17:10
446690,4,KODEX 아시아AI반도체exChina액티브,62720,3,0,0.0,62814.0,15.3894,0,0,314,2026-07-22 23:17:10
275290,2,KODEX 가치주,34780,3,0,0.0,34645.0,18.6606,0,0,313,2026-07-22 23:17:10
156080,1,KODEX MSCI Korea,52015,3,0,0.0,51834.0,14.2111,0,0,312,2026-07-22 23:17:10
266360,2,KODEX K콘텐츠,9740,3,0,0.0,9699.0,-19.2978,0,0,312,2026-07-22 23:17:10
248270,4,TIGER S&P글로벌헬스케어(합성),27220,3,0,0.0,26920.0,5.4743,0,0,310,2026-07-22 23:17:10
0155M0,4,ACE 미국SMR원자력TOP10,7460,3,0,0.0,7381.0,-24.4373,0,0,310,2026-07-22 23:17:10
0089B0,7,PLUS 미국나스닥100미국채혼합50,11890,3,0,0.0,11921.0,4.908,0,0,309,2026-07-22 23:17:10
0023B0,4,PLUS 미국양자컴퓨팅TOP10,15730,3,0,0.0,15694.0,-9.3518,0,0,307,2026-07-22 23:17:10
0198D0,2,1Q SK하이닉스선물단일종목레버리지,12505,3,0,0.0,12671.0,,0,0,306,2026-07-22 23:17:10
426150,6,WON 대한민국국고채액티브,50735,3,0,0.0,50760.0,-6.7374,0,0,305,2026-07-22 23:17:10
475380,7,RISE 글로벌리얼티인컴,11235,3,0,0.0,11193.0,-4.4405,0,0,303,2026-07-22 23:17:10
450910,1,SOL 코스닥150,12225,3,0,0.0,12329.0,-36.4083,0,0,303,2026-07-22 23:17:10
459790,4,KIWOOM 미국성장기업30액티브,21610,3,0,0.0,21707.0,4.7012,0,0,303,2026-07-22 23:17:10
0013R0,7,RISE 테슬라미국채타겟커버드콜혼합(합성),8850,3,0,0.0,8797.0,-2.5751,0,0,301,2026-07-22 23:17:10
469790,2,KIWOOM 코리아테크TOP10,42865,3,0,0.0,42798.0,27.8156,0,0,300,2026-07-22 23:17:10
0203S0,7,WON 삼성전자현대차채권혼합50,8630,3,0,0.0,8638.0,,0,0,298,2026-07-22 23:17:10
227540,2,TIGER 200 헬스케어,17315,3,0,0.0,17277.0,-19.7823,0,0,294,2026-07-22 23:17:10
145850,2,TREX 펀더멘탈 200,116805,3,0,0.0,115839.0,13.3371,0,0,292,2026-07-22 23:17:10
0137W0,4,KIWOOM 미국S&P500&GOLD,10795,3,0,0.0,10832.0,3.4675,0,0,291,2026-07-22 23:17:10
0198A0,2,KIWOOM 코스닥150커버드콜액티브,8445,3,0,0.0,8414.0,,0,0,291,2026-07-22 23:17:10
0083S0,4,1Q 미국메디컬AI,9940,3,0,0.0,10008.0,-6.7299,0,0,288,2026-07-22 23:17:10
437350,6,RISE 미국단기투자등급회사채액티브,13030,3,0,0.0,13036.0,0.3088,0,0,287,2026-07-22 23:17:10
269420,4,KODEX S&P글로벌인프라(합성),24100,3,0,0.0,24272.0,0.2562,0,0,286,2026-07-22 23:17:10
245360,4,TIGER 차이나HSCEI,12900,3,0,0.0,12924.0,-5.34,0,0,284,2026-07-22 23:17:10
489290,4,WON 미국빌리어네어,15315,3,0,0.0,15405.0,-1.8016,0,0,283,2026-07-22 23:17:10
0065G0,4,KODEX 차이나테크TOP10,9705,3,0,0.0,9792.0,-1.1251,0,0,281,2026-07-22 23:17:10
0067V0,4,TIGER 차이나글로벌리더스TOP3+,10810,3,0,0.0,10867.0,-1.1221,0,0,281,2026-07-22 23:17:10
419430,4,KODEX 차이나2차전지MSCI(합성),10025,3,0,0.0,9927.0,-23.1221,0,0,281,2026-07-22 23:17:10
261250,7,KODEX 미국달러선물레버리지,18215,3,0,0.0,18226.0,1.0632,0,0,281,2026-07-22 23:17:10
477730,4,KODEX 인도타타그룹,7885,3,0,0.0,7869.0,-8.8606,0,0,280,2026-07-22 23:17:10
0218J0,7,RISE 미국우주&로봇TOP2미국채혼합50,9295,3,0,0.0,9315.0,,0,0,279,2026-07-22 23:17:10
289480,3,TIGER 200커버드콜,12105,3,0,0.0,11955.0,7.2327,0,0,278,2026-07-22 23:17:10
0198B0,2,1Q 삼성전자선물단일종목레버리지,12950,3,0,0.0,13033.0,,0,0,277,2026-07-22 23:17:10
414270,4,ACE 글로벌자율주행액티브,12820,3,0,0.0,12811.0,-5.7069,0,0,276,2026-07-22 23:17:10
0155N0,2,HANARO K휴머노이드테마TOP10,7340,3,0,0.0,7366.0,-27.7959,0,0,275,2026-07-22 23:17:10
440340,7,TIGER 글로벌멀티에셋TIF액티브,12800,3,0,0.0,12813.0,1.2892,0,0,275,2026-07-22 23:17:10
0166N0,1,PLUS 코스닥150액티브,7230,3,0,0.0,7220.0,-35.0033,0,0,275,2026-07-22 23:17:10
493420,4,SOL 미국배당다우존스2호,13080,3,0,0.0,13039.0,6.5088,0,0,275,2026-07-22 23:17:10
223190,2,KODEX 200가치저변동,27380,3,0,0.0,27357.0,1.5557,0,0,274,2026-07-22 23:17:10
0152E0,2,SOL 배당성향탑픽액티브,11095,3,0,0.0,11074.0,-8.3239,0,0,272,2026-07-22 23:17:10
0184E0,7,1Q 200채권혼합50액티브,10895,3,0,0.0,10928.0,7.2556,0,0,267,2026-07-22 23:17:10
461600,6,SOL 미국30년국채액티브(H),8420,3,0,0.0,8445.0,-3.1447,0,0,265,2026-07-22 23:17:10
0093D0,7,KoAct 팔란티어밸류체인액티브,18155,3,0,0.0,18343.0,13.3502,0,0,263,2026-07-22 23:17:10
167860,6,KIWOOM 국고채10년레버리지,90640,3,0,0.0,90405.0,-8.93,0,0,263,2026-07-22 23:17:10
0097L0,7,KIWOOM 한국고배당&미국AI테크,12780,3,0,0.0,12866.0,-1.4266,0,0,262,2026-07-22 23:17:10
261060,2,TIGER 코스닥150IT,21830,3,0,0.0,21746.0,-21.5417,0,0,262,2026-07-22 23:17:10
483570,4,KCGI 미국S&P500 TOP10,16315,3,0,0.0,16371.0,3.0103,0,0,261,2026-07-22 23:17:10
0047R0,4,RISE 팔란티어고정테크100,14830,3,0,0.0,14848.0,6.149,0,0,260,2026-07-22 23:17:10
185680,4,KODEX 미국S&P바이오(합성),48670,3,0,0.0,48840.0,10.7821,0,0,259,2026-07-22 23:17:10
469160,4,ACE 일본반도체,28530,3,0,0.0,28391.0,17.6593,0,0,257,2026-07-22 23:17:10
0150K0,2,KoAct 수소전력ESS인프라액티브,9090,3,0,0.0,9128.0,-42.9258,0,0,255,2026-07-22 23:17:10
0223R0,4,TIGER 미국테크NYSE100액티브,10170,3,0,0.0,10414.0,,0,0,254,2026-07-22 23:17:10
496120,1,ACE 코리아밸류업,33900,3,0,0.0,33846.0,16.7074,0,0,254,2026-07-22 23:17:10
280930,4,KODEX 미국러셀2000(H),16825,3,0,0.0,16920.0,4.9734,0,0,252,2026-07-22 23:17:10
0115C0,4,RISE 미국고배당다우존스TOP10,11425,3,0,0.0,11401.0,2.0341,0,0,251,2026-07-22 23:17:10
117460,2,KODEX 에너지화학,12820,3,0,0.0,12768.0,-27.5653,0,0,251,2026-07-22 23:17:10
411540,1,SOL 200 Top10,16715,3,0,0.0,16777.0,-5.7387,0,0,251,2026-07-22 23:17:10
277540,4,ACE 아시아TOP50,33395,3,0,0.0,33228.0,11.8959,0,0,250,2026-07-22 23:17:10
138230,7,KIWOOM 미국달러선물,17255,3,0,0.0,17272.0,1.0279,0,0,250,2026-07-22 23:17:10
0049K0,7,ACE 미국배당퀄리티채권혼합50,11360,3,0,0.0,11366.0,1.3753,0,0,250,2026-07-22 23:17:10
388280,2,RISE K엔터&여행레저,7480,3,0,0.0,7477.0,-6.3219,0,0,248,2026-07-22 23:17:10
0186L0,4,KoAct 미국로봇피지컬AI액티브,10505,3,0,0.0,10510.0,,0,0,247,2026-07-22 23:17:10
0192T0,2,SOL 코스닥TOP10,6240,3,0,0.0,6229.0,,0,0,246,2026-07-22 23:17:10
292500,1,SOL KRX300,48800,3,0,0.0,48806.0,9.1043,0,0,244,2026-07-22 23:17:10
0206G0,7,1Q 현대차기아채권혼합50,8550,3,0,0.0,8540.0,,0,0,244,2026-07-22 23:17:10
159800,1,마이티 코스피100,86105,3,0,0.0,86470.0,13.1531,0,0,241,2026-07-22 23:17:10
292160,1,TIGER KRX300,48105,3,0,0.0,47925.0,9.0841,0,0,241,2026-07-22 23:17:10
289250,2,TIGER MSCI KOREA ESG유니버설,34690,3,0,0.0,34686.0,17.6262,0,0,239,2026-07-22 23:17:10
228820,1,TIGER KTOP30,18380,3,0,0.0,18309.0,3.8038,0,0,239,2026-07-22 23:17:10
433220,4,에셋플러스 글로벌대장장이액티브,32130,3,0,0.0,32280.0,-2.6463,0,0,238,2026-07-22 23:17:10
438320,4,TIGER 차이나항셍테크레버리지(합성 H),5395,3,0,0.0,5449.0,-14.2858,0,0,237,2026-07-22 23:17:10
300950,2,KODEX 게임산업,5350,3,0,0.0,5383.0,-19.688,0,0,235,2026-07-22 23:17:10
204450,4,KODEX 차이나H레버리지(H),2220,3,0,0.0,2237.0,-14.4982,0,0,235,2026-07-22 23:17:10
195970,4,PLUS 선진국MSCI(합성 H),16115,3,0,0.0,16123.0,0.2824,0,0,235,2026-07-22 23:17:10
364690,1,KODEX 혁신기술테마액티브,39000,3,0,0.0,38950.0,8.0954,0,0,234,2026-07-22 23:17:10
457690,6,KODEX 33-06 국고채액티브,10400,3,0,0.0,10397.0,-2.9303,0,0,234,2026-07-22 23:17:10
0103T0,2,1Q K소버린AI,7785,3,0,0.0,7767.0,-19.8152,0,0,234,2026-07-22 23:17:10
479850,2,HANARO K-뷰티,15545,3,0,0.0,15522.0,-4.9645,0,0,233,2026-07-22 23:17:10
463300,4,RISE 중국본토CSI300,14480,3,0,0.0,14580.0,2.8348,0,0,232,2026-07-22 23:17:10
416090,4,ACE 중국과창판STAR50,15395,3,0,0.0,15418.0,30.1775,0,0,231,2026-07-22 23:17:10
0047P0,4,RISE 테슬라고정테크100,15250,3,0,0.0,15299.0,6.2792,0,0,229,2026-07-22 23:17:10
368190,2,HANARO Fn K-뉴딜디지털플러스,7095,3,0,0.0,7063.0,-25.7338,0,0,227,2026-07-22 23:17:10
0026E0,4,KODEX 미국S&P500버퍼3월액티브,12240,3,0,0.0,12332.0,2.8571,0,0,226,2026-07-22 23:17:10
139250,2,TIGER 200 에너지화학,16860,3,0,0.0,16912.0,-13.6093,0,0,226,2026-07-22 23:17:10
471460,6,KIWOOM 국고채30년액티브,45105,3,0,0.0,45166.0,-16.0918,0,0,226,2026-07-22 23:17:10
497780,4,KoAct 미국천연가스인프라액티브,11485,3,0,0.0,11557.0,4.026,0,0,224,2026-07-22 23:17:10
169950,4,KODEX 차이나A50,27990,3,0,0.0,28017.0,0.1254,0,0,224,2026-07-22 23:17:10
367740,2,HANARO Fn5G산업,40670,3,0,0.0,40507.0,7.5268,0,0,224,2026-07-22 23:17:10
0153X0,4,PLUS 미국고배당주액티브,11415,3,0,0.0,11410.0,2.3785,0,0,223,2026-07-22 23:17:10
376410,2,TIGER 탄소효율그린뉴딜,24370,3,0,0.0,24099.0,7.4543,0,0,219,2026-07-22 23:17:10
091220,2,TIGER 은행,16560,3,0,0.0,16643.0,0.1329,0,0,219,2026-07-22 23:17:10
225130,4,ACE 골드선물 레버리지(합성 H),43710,3,0,0.0,43606.0,-31.1528,0,0,219,2026-07-22 23:17:10
0144M0,4,KODEX 미국드론UAM TOP10,7805,3,0,0.0,7848.0,-12.2647,0,0,219,2026-07-22 23:17:10
239660,6,PLUS 우량회사채50,121180,3,0,0.0,121180.0,0.3061,0,0,218,2026-07-22 23:17:10
229720,1,KODEX KTOP30,36330,3,0,0.0,36293.0,3.3909,0,0,218,2026-07-22 23:17:10
442550,7,RISE TDF2030액티브 적격,15010,3,0,0.0,14935.0,1.9714,0,0,218,2026-07-22 23:17:10
108590,1,TREX 200,108140,3,0,0.0,108294.0,11.7496,0,0,216,2026-07-22 23:17:10
300640,2,RISE 게임테마,6145,3,0,0.0,6138.0,-21.6827,0,0,215,2026-07-22 23:17:10
375760,2,HANARO 탄소효율그린뉴딜,23895,3,0,0.0,24052.0,7.8497,0,0,215,2026-07-22 23:17:10
415760,4,SOL 차이나육성산업액티브(합성),15795,3,0,0.0,15883.0,31.5811,0,0,215,2026-07-22 23:17:10
464600,2,SOL 자동차소부장Fn,22490,3,0,0.0,22406.0,5.0393,0,0,214,2026-07-22 23:17:10
117680,2,KODEX 철강,10485,3,0,0.0,10447.0,-38.4946,0,0,213,2026-07-22 23:17:10
0209Z0,2,ACE 코리아AI전력TOP10,6725,3,0,0.0,6715.0,,0,0,212,2026-07-22 23:17:10
489000,6,PLUS 일본엔화초단기국채(합성),9585,3,0,0.0,9584.0,-2.044,0,0,211,2026-07-22 23:17:10
364990,2,TIGER 게임TOP10,4580,3,0,0.0,4603.0,-19.9085,0,0,211,2026-07-22 23:17:10
0190M0,4,KIWOOM 미국AI테크하이베타,9145,3,0,0.0,9305.0,,0,0,210,2026-07-22 23:17:10
481340,6,RISE 미국30년국채액티브,9345,3,0,0.0,9348.0,-3.4664,0,0,210,2026-07-22 23:17:10
0177A0,2,WON 두산그룹포커스,8295,3,0,0.0,8308.0,-27.256,0,0,207,2026-07-22 23:17:10
337120,2,KODEX 멀티팩터,34520,3,0,0.0,34590.0,9.1176,0,0,207,2026-07-22 23:17:10
0127R0,4,RISE 미국AI클라우드인프라,17175,3,0,0.0,17343.0,7.5351,0,0,206,2026-07-22 23:17:10
461450,1,KODEX 코스닥글로벌,13720,3,0,0.0,13726.0,-30.0138,0,0,206,2026-07-22 23:17:10
152380,6,KODEX 국채선물10년,64225,3,0,0.0,64163.0,-4.3163,0,0,204,2026-07-22 23:17:10
404260,2,KODEX 기후변화솔루션,22685,3,0,0.0,22605.0,-11.4743,0,0,204,2026-07-22 23:17:10
253290,7,RISE 헬스케어채권혼합,11255,3,0,0.0,11341.0,-10.8109,0,0,203,2026-07-22 23:17:10
289040,2,KODEX MSCI KOREA ESG유니버설,33720,3,0,0.0,33192.0,15.4145,0,0,202,2026-07-22 23:17:10
0104P0,2,TIGER 코리아배당다우존스위클리커버드콜,11150,3,0,0.0,11155.0,-6.7776,0,0,201,2026-07-22 23:17:10
483330,4,ACE 마이크로소프트밸류체인액티브,14305,3,0,0.0,14286.0,5.0978,0,0,200,2026-07-22 23:17:10
468370,6,KODEX iShares미국인플레이션국채액티브,11575,3,0,0.0,11578.0,-0.1385,0,0,199,2026-07-22 23:17:10
445910,2,TIGER MKF배당귀족,19850,3,0,0.0,19970.0,-9.102,0,0,199,2026-07-22 23:17:10
461910,4,PLUS 미국테크TOP10레버리지(합성),39600,3,0,0.0,39934.0,-0.8378,0,0,198,2026-07-22 23:17:10
381560,2,HANARO Fn전기&수소차,17155,3,0,0.0,17087.0,0.7846,0,0,197,2026-07-22 23:17:10
407310,1,HANARO 200 TOP10,16355,3,0,0.0,16417.0,-5.8691,0,0,196,2026-07-22 23:17:10
217770,5,TIGER 원유선물인버스(H),1306,3,0,0.0,1299.0,-7.7756,0,0,194,2026-07-22 23:17:10
0220A0,7,KIWOOM 현대차그룹TOP3채권혼합50,9690,3,0,0.0,9726.0,,0,0,194,2026-07-22 23:17:10
371450,4,TIGER 글로벌클라우드컴퓨팅INDXX,12735,3,0,0.0,12703.0,22.0957,0,0,194,2026-07-22 23:17:10
487950,4,KODEX 대만테크고배당다우존스,13270,3,0,0.0,13279.0,7.6669,0,0,192,2026-07-22 23:17:10
226980,1,KODEX 200 중소형,21360,3,0,0.0,21375.0,-23.2223,0,0,192,2026-07-22 23:17:10
236350,4,TIGER 인도니프티50레버리지(합성),31000,3,0,0.0,31283.0,-9.1478,0,0,192,2026-07-22 23:17:10
219390,4,RISE 미국S&P원유생산기업(합성 H),7830,3,0,0.0,7752.0,5.536,0,0,192,2026-07-22 23:17:10
0051A0,4,KoAct 브로드컴밸류체인액티브,25560,3,0,0.0,25994.0,13.4559,0,0,192,2026-07-22 23:17:10
0203R0,6,WON 중단기종합채권(A-이상)액티브,50190,3,0,0.0,50199.0,,0,0,191,2026-07-22 23:17:10
213630,4,PLUS 미국다우존스고배당주(합성 H),20695,3,0,0.0,20865.0,6.014,0,0,190,2026-07-22 23:17:10
447660,7,PLUS 애플채권혼합,14055,3,0,0.0,14065.0,6.5707,0,0,190,2026-07-22 23:17:10
284980,2,RISE 200금융,22560,3,0,0.0,22519.0,-0.7783,0,0,190,2026-07-22 23:17:10
460660,4,RISE 미국S&P배당킹,12600,3,0,0.0,12545.0,7.7103,0,0,189,2026-07-22 23:17:10
0192S0,7,SOL 코스피200채권혼합50,9430,3,0,0.0,9417.0,,0,0,189,2026-07-22 23:17:10
304760,1,HANARO KRX300,46730,3,0,0.0,46998.0,9.2902,0,0,187,2026-07-22 23:17:10
0221Z0,2,ACE K바이오코스닥액티브,9345,3,0,0.0,9335.0,,0,0,187,2026-07-22 23:17:10
419650,4,PLUS 글로벌수소&차세대연료전지,5645,3,0,0.0,5600.0,-8.7044,0,0,186,2026-07-22 23:17:10
183710,7,RISE 주식혼합,92980,3,0,0.0,92640.0,10.2441,0,0,186,2026-07-22 23:17:10
417630,2,TIGER KEDI혁신기업ESG30,17685,3,0,0.0,17796.0,-11.2882,0,0,186,2026-07-22 23:17:10
474920,4,에셋플러스 차이나일등기업포커스10액티브,19755,3,0,0.0,19678.0,19.3375,0,0,186,2026-07-22 23:17:10
461900,4,PLUS 미국테크TOP10,23195,3,0,0.0,23256.0,1.1555,0,0,186,2026-07-22 23:17:10
391670,1,HK 베스트일레븐액티브,28440,3,0,0.0,28324.0,19.3445,0,0,185,2026-07-22 23:17:10
449580,7,RISE 테슬라애플아마존채권혼합,16775,3,0,0.0,16811.0,1.4523,0,0,185,2026-07-22 23:17:10
477490,4,에셋플러스 글로벌일등기업포커스10액티브,20400,3,0,0.0,20425.0,2.3742,0,0,184,2026-07-22 23:17:10
0018Z0,4,RISE 미국양자컴퓨팅,18315,3,0,0.0,18256.0,-1.4212,0,0,183,2026-07-22 23:17:10
304770,1,HANARO 코스닥150,12500,3,0,0.0,12610.0,-36.1748,0,0,183,2026-07-22 23:17:10
445690,2,BNK 주주가치액티브,30020,3,0,0.0,29888.0,-1.3505,0,0,180,2026-07-22 23:17:10
332620,6,PLUS 미국장기우량회사채,95880,3,0,0.0,95998.0,-2.181,0,0,179,2026-07-22 23:17:10
453630,4,KODEX 미국S&P500필수소비재,13090,3,0,0.0,13171.0,3.9741,0,0,177,2026-07-22 23:17:10
0194R0,2,KIWOOM SK하이닉스선물단일종목레버리지,11565,3,0,0.0,11866.0,,0,0,176,2026-07-22 23:17:10
227830,1,PLUS 코스피,70525,3,0,0.0,70355.0,6.09,0,0,176,2026-07-22 23:17:10
195920,4,TIGER 일본TOPIX(합성 H),34595,3,0,0.0,34818.0,5.9591,0,0,173,2026-07-22 23:17:10
291130,4,ACE MSCI멕시코(합성),19200,3,0,0.0,19376.0,-6.3367,0,0,173,2026-07-22 23:17:10
289260,2,TIGER MSCI KOREA ESG리더스,28690,3,0,0.0,28560.0,16.3153,0,0,172,2026-07-22 23:17:10
292050,1,RISE KRX300,49140,3,0,0.0,49034.0,8.8585,0,0,172,2026-07-22 23:17:10
385600,2,ACE 2차전지&친환경차액티브,11365,3,0,0.0,11314.0,-12.8357,0,0,170,2026-07-22 23:17:10
0086C0,7,TIGER 리츠부동산인프라10채권혼합액티브,9735,3,0,0.0,9746.0,-8.0518,0,0,170,2026-07-22 23:17:10
0193K0,2,PLUS 삼성전자단일종목레버리지,13570,3,0,0.0,13722.0,,0,0,170,2026-07-22 23:17:10
453010,7,PLUS KOFR금리,109515,3,0,0.0,109523.0,0.6202,0,0,169,2026-07-22 23:17:10
0207Z0,4,KIWOOM 미국우주데이터센터인프라,7445,3,0,0.0,7426.0,,0,0,168,2026-07-22 23:17:10
453820,4,KODEX 인도Nifty50레버리지(합성),12850,3,0,0.0,12758.0,-9.26,0,0,167,2026-07-22 23:17:10
432840,4,HANARO 미국S&P500,20700,3,0,0.0,20677.0,5.2484,0,0,166,2026-07-22 23:17:10
494420,2,PLUS 미국배당증가성장주데일리커버드콜,9740,3,0,0.0,9710.0,2.8043,0,0,166,2026-07-22 23:17:10
404120,2,TIME K신재생에너지액티브,23650,3,0,0.0,23642.0,-12.1397,0,0,166,2026-07-22 23:17:10
276000,4,TIGER 글로벌자원생산기업(합성 H),19435,3,0,0.0,19616.0,-7.3501,0,0,165,2026-07-22 23:17:10
488290,4,MIDAS 일본테크액티브,46800,3,0,0.0,47522.0,14.2839,0,0,164,2026-07-22 23:17:10
280320,4,ACE 미국IT인터넷(합성 H),20335,3,0,0.0,20332.0,2.2435,0,0,163,2026-07-22 23:17:10
225060,4,TIGER 이머징마켓MSCI레버리지(합성 H),15325,3,0,0.0,15480.0,-0.908,0,0,162,2026-07-22 23:17:10
250730,4,RISE 차이나HSCEI(H),9555,3,0,0.0,9764.0,-6.277,0,0,162,2026-07-22 23:17:10
0105D0,2,SOL 한국AI소프트웨어,8880,3,0,0.0,8842.0,-15.8203,0,0,160,2026-07-22 23:17:10
0000H0,2,KODEX 인도Nifty미드캡100,11015,3,0,0.0,10986.0,1.2376,0,0,160,2026-07-22 23:17:10
265690,4,ACE 러시아MSCI(합성),8535,3,0,0.0,48.0,0.0,0,0,158,2026-07-22 23:17:10
130680,5,TIGER 원유선물Enhanced(H),7000,3,0,0.0,7026.0,2.2953,0,0,158,2026-07-22 23:17:10
491510,2,파워 K-주주가치액티브,17490,3,0,0.0,17610.0,-6.7666,0,0,157,2026-07-22 23:17:10
131890,2,ACE 삼성그룹동일가중,38815,3,0,0.0,38789.0,3.2288,0,0,155,2026-07-22 23:17:10
0216Z0,2,ACE K방산TOP5+,8390,3,0,0.0,8383.0,,0,0,155,2026-07-22 23:17:10
379790,4,RISE 유로스탁스50(H),17235,3,0,0.0,17308.0,5.3912,0,0,155,2026-07-22 23:17:10
413930,2,WON AI ESG액티브,27850,3,0,0.0,27918.0,8.2774,0,0,153,2026-07-22 23:17:10
396510,4,TIGER 차이나클린에너지SOLACTIVE,7680,3,0,0.0,7811.0,-16.3266,0,0,151,2026-07-22 23:17:10
0153P0,2,ACE 리츠부동산인프라액티브,9395,3,0,0.0,9406.0,-12.8318,0,0,150,2026-07-22 23:17:10
114460,6,ACE 국고채3년,100130,3,0,0.0,100149.0,-0.6199,0,0,150,2026-07-22 23:17:10
0013P0,4,RISE 미국은행TOP10,13650,3,0,0.0,13737.0,9.477,0,0,150,2026-07-22 23:17:10
337150,2,KODEX 200exTOP,24845,3,0,0.0,24782.0,-9.5949,0,0,149,2026-07-22 23:17:10
0104G0,2,PLUS K방산레버리지,6330,3,0,0.0,6299.0,-61.7921,0,0,149,2026-07-22 23:17:10
0207G0,2,SOL 우주항공밸류체인,5800,3,0,0.0,5786.0,,0,0,148,2026-07-22 23:17:10
387280,2,TIGER 퓨처모빌리티액티브,10940,3,0,0.0,10896.0,-21.9228,0,0,146,2026-07-22 23:17:10
417450,4,RISE 글로벌수소경제,16985,3,0,0.0,17130.0,-2.5302,0,0,144,2026-07-22 23:17:10
419420,4,KODEX 미국클린에너지나스닥,10310,3,0,0.0,10338.0,-5.5996,0,0,144,2026-07-22 23:17:10
244620,2,KODEX 모멘텀Plus,20455,3,0,0.0,20384.0,-4.3846,0,0,143,2026-07-22 23:17:10
104520,2,KIWOOM 블루칩,14295,3,0,0.0,14300.0,-7.9489,0,0,143,2026-07-22 23:17:10
435040,4,ACE 글로벌브랜드TOP10,20020,3,0,0.0,20006.0,1.9292,0,0,140,2026-07-22 23:17:10
496130,1,TRUSTON 코리아밸류업액티브,25755,3,0,0.0,25665.0,7.3436,0,0,139,2026-07-22 23:17:10
234310,2,RISE V&S셀렉트밸류,27810,3,0,0.0,27741.0,-5.3982,0,0,139,2026-07-22 23:17:10
0028X0,4,KODEX 미국금융테크액티브,12080,3,0,0.0,12129.0,3.2989,0,0,139,2026-07-22 23:17:10
0127T0,4,KIWOOM 미국S&P500&배당다우존스비중전환,11555,3,0,0.0,11536.0,5.7789,0,0,139,2026-07-22 23:17:10
0127V0,4,KIWOOM 미국S&P500 TOP10&배당다우비중전환,11075,3,0,0.0,11102.0,3.5814,0,0,138,2026-07-22 23:17:10
102960,2,KODEX 기계장비,12980,3,0,0.0,12929.0,-32.1031,0,0,138,2026-07-22 23:17:10
489860,4,KIWOOM 글로벌전력GRID인프라,16115,3,0,0.0,16085.0,-3.1823,0,0,137,2026-07-22 23:17:10
404650,2,SOL KRX기후변화솔루션,22625,3,0,0.0,22605.0,-11.326,0,0,136,2026-07-22 23:17:10
438900,2,HANARO Fn K-푸드,10420,3,0,0.0,10424.0,-14.2164,0,0,135,2026-07-22 23:17:10
0088N0,2,WON K-글로벌수급상위,9975,3,0,0.0,9955.0,-28.2999,0,0,135,2026-07-22 23:17:10
0004G0,4,1Q 미국배당TOP30,9585,3,0,0.0,9578.0,3.9901,0,0,134,2026-07-22 23:17:10
484890,6,SOL 머니마켓액티브,52375,3,0,0.0,52370.0,0.6535,0,0,134,2026-07-22 23:17:10
266390,2,KODEX 경기소비재,14870,3,0,0.0,14733.0,26.4809,0,0,134,2026-07-22 23:17:10
269530,4,PLUS S&P글로벌인프라,22215,3,0,0.0,22072.0,-0.0198,0,0,133,2026-07-22 23:17:10
472720,1,TRUSTON 주주가치액티브,25565,3,0,0.0,25457.0,-4.986,0,0,133,2026-07-22 23:17:10
0008E0,4,ACE 미국중심중소형제조업,13950,3,0,0.0,14016.0,-2.4217,0,0,133,2026-07-22 23:17:10
435550,7,KIWOOM TDF2050액티브 적격,18885,3,0,0.0,18895.0,4.6394,0,0,132,2026-07-22 23:17:10
269370,4,TIGER S&P글로벌인프라(합성),18870,3,0,0.0,18937.0,0.6885,0,0,132,2026-07-22 23:17:10
400570,4,KODEX 유럽탄소배출권선물ICE(H),11415,3,0,0.0,11481.0,10.9942,0,0,131,2026-07-22 23:17:10
463640,4,KODEX 미국S&P500유틸리티,15415,3,0,0.0,15448.0,-1.5052,0,0,131,2026-07-22 23:17:10
137610,5,TIGER 농산물선물Enhanced(H),5450,3,0,0.0,5450.0,2.3607,0,0,131,2026-07-22 23:17:10
0015F0,7,KIWOOM 팔란티어미국30년국채혼합액티브(H),10010,3,0,0.0,10035.0,-3.0666,0,0,130,2026-07-22 23:17:10
395760,2,PLUS ESG성장주액티브,21680,3,0,0.0,20814.0,1.958,0,0,130,2026-07-22 23:17:10
465670,4,TIGER 미국캐시카우100,16260,3,0,0.0,16244.0,6.8067,0,0,130,2026-07-22 23:17:10
332610,6,PLUS 미국단기회사채(AAA~A),134740,3,0,0.0,134794.0,0.7439,0,0,129,2026-07-22 23:17:10
453660,4,KODEX 미국S&P500경기소비재,18320,3,0,0.0,18341.0,-4.0463,0,0,128,2026-07-22 23:17:10
428560,4,KODEX 미국ETF산업Top10 Indxx,15945,3,0,0.0,16028.0,1.0376,0,0,128,2026-07-22 23:17:10
354240,7,RISE 미국고정배당우선증권,11480,3,0,0.0,11455.0,-1.8448,0,0,126,2026-07-22 23:17:10
280920,2,PLUS 주도업종,22810,3,0,0.0,22891.0,-7.61,0,0,125,2026-07-22 23:17:10
363510,6,SOL KIS단기통안채,111840,3,0,0.0,111846.0,0.58,0,0,124,2026-07-22 23:17:10
266410,2,KODEX 필수소비재,8840,3,0,0.0,8879.0,-9.6506,0,0,124,2026-07-22 23:17:10
279540,2,KODEX 최소변동성,20560,3,0,0.0,20458.0,-5.1316,0,0,123,2026-07-22 23:17:10
453060,6,HANARO KOFR금리액티브(합성),111055,3,0,0.0,111062.0,0.6389,0,0,122,2026-07-22 23:17:10
0208N0,1,IBK 코스피액티브,7595,3,0,0.0,7581.0,,0,0,122,2026-07-22 23:17:10
290080,3,RISE 200고배당커버드콜ATM,6935,3,0,0.0,6925.0,-17.3668,0,0,121,2026-07-22 23:17:10
300610,2,TIGER K게임,5145,3,0,0.0,5134.0,-22.8303,0,0,121,2026-07-22 23:17:10
140580,2,RISE 우량업종대표주,24165,3,0,0.0,24151.0,-7.3711,0,0,121,2026-07-22 23:17:10
0084E0,7,KIWOOM 미국대형주500월간목표헤지액티브,10940,3,0,0.0,10924.0,3.4967,0,0,120,2026-07-22 23:17:10
487750,2,BNK 온디바이스AI,29885,3,0,0.0,29831.0,9.8222,0,0,120,2026-07-22 23:17:10
457700,6,KODEX 53-09 국고채액티브,9025,3,0,0.0,9027.0,-14.6536,0,0,119,2026-07-22 23:17:10
0090B0,2,PLUS K방산소부장,6780,3,0,0.0,6775.0,-52.4369,0,0,119,2026-07-22 23:17:10
0067Y0,4,TIGER 차이나AI소프트웨어,11250,3,0,0.0,11232.0,-11.577,0,0,118,2026-07-22 23:17:10
360150,2,KODEX 코스닥150롱코스피200숏선물,2870,3,0,0.0,2849.0,-46.3755,0,0,118,2026-07-22 23:17:10
448490,6,HANARO 32-10 국고채액티브,52390,3,0,0.0,52380.0,-4.3281,0,0,117,2026-07-22 23:17:10
494180,4,TIME 글로벌소비트렌드액티브,13795,3,0,0.0,13848.0,-0.0358,0,0,117,2026-07-22 23:17:10
371870,4,ACE 차이나항셍테크,7315,3,0,0.0,7365.0,-5.1169,0,0,117,2026-07-22 23:17:10
485810,4,TIME 글로벌바이오액티브,11090,3,0,0.0,11072.0,7.8662,0,0,116,2026-07-22 23:17:10
0093B0,4,RISE 엔비디아고정테크100,12930,3,0,0.0,13083.0,7.4851,0,0,116,2026-07-22 23:17:10
251590,2,PLUS 고배당저변동50,16575,3,0,0.0,16544.0,-10.5213,0,0,116,2026-07-22 23:17:10
451150,4,에셋플러스 글로벌영에이지액티브,18690,3,0,0.0,18755.0,0.2678,0,0,116,2026-07-22 23:17:10
0094L0,4,RISE 차이나테크TOP10위클리타겟커버드콜,8250,3,0,0.0,8548.0,-7.1963,0,0,116,2026-07-22 23:17:10
166400,3,TIGER 200커버드콜OTM,22900,3,0,0.0,22936.0,3.4127,0,0,115,2026-07-22 23:17:10
451600,6,PLUS 국고채30년액티브,83320,3,0,0.0,83293.0,-15.5313,0,0,114,2026-07-22 23:17:10
0133E0,4,TIGER 차이나증권,9410,3,0,0.0,9524.0,3.8248,0,0,113,2026-07-22 23:17:10
409810,4,KODEX 미국나스닥100선물인버스(H),5645,3,0,0.0,5592.0,-8.0131,0,0,113,2026-07-22 23:17:10
456250,4,KODEX 유럽명품TOP10 STOXX,9755,3,0,0.0,9752.0,-0.3033,0,0,112,2026-07-22 23:17:10
430500,7,KIWOOM 물가채KIS,111720,3,0,0.0,111752.0,-1.9135,0,0,112,2026-07-22 23:17:10
0068M0,4,KODEX 미국S&P500버퍼6월액티브,12380,3,0,0.0,12394.0,2.942,0,0,111,2026-07-22 23:17:10
407820,2,에셋플러스 코리아플랫폼액티브,6185,3,0,0.0,6166.0,-28.161,0,0,111,2026-07-22 23:17:10
0194N0,2,KIWOOM 삼성전자선물단일종목레버리지,12320,3,0,0.0,12452.0,,0,0,111,2026-07-22 23:17:10
464610,2,SOL 의료기기소부장Fn,7330,3,0,0.0,7307.0,-22.7943,0,0,110,2026-07-22 23:17:10
354350,4,HANARO 글로벌럭셔리S&P(합성),21120,3,0,0.0,21151.0,1.0895,0,0,110,2026-07-22 23:17:10
373490,2,KODEX 코리아혁신성장액티브,24265,3,0,0.0,24440.0,-16.6248,0,0,109,2026-07-22 23:17:10
460270,6,KIWOOM 미국달러SOFR금리액티브(합성),13400,3,0,0.0,13394.0,1.3683,0,0,109,2026-07-22 23:17:10
0002C0,4,에셋플러스 인도일등기업포커스20액티브,10020,3,0,0.0,10006.0,2.637,0,0,108,2026-07-22 23:17:10
0113G0,4,KoAct 미국바이오헬스케어액티브,11240,3,0,0.0,11328.0,7.4662,0,0,107,2026-07-22 23:17:10
487910,4,ACE 인도컨슈머파워액티브,8880,3,0,0.0,8879.0,-0.5622,0,0,107,2026-07-22 23:17:10
252650,1,KODEX 200동일가중,17740,3,0,0.0,17531.0,-16.2006,0,0,106,2026-07-22 23:17:10
310080,4,RISE 중국MSCI China(H),9240,3,0,0.0,9239.0,-7.6509,0,0,106,2026-07-22 23:17:10
181480,7,ACE 미국부동산리츠(합성 H),87425,3,0,0.0,87187.0,2.1688,0,0,105,2026-07-22 23:17:10
140710,2,KODEX 운송,6130,3,0,0.0,6107.0,-14.0448,0,0,104,2026-07-22 23:17:10
117690,4,TIGER 차이나항셍30,20645,3,0,0.0,20558.0,-4.7198,0,0,103,2026-07-22 23:17:10
399580,4,RISE 글로벌클린에너지,10320,3,0,0.0,10363.0,-5.8932,0,0,103,2026-07-22 23:17:10
385710,2,TIME K이노베이션액티브,10270,3,0,0.0,10235.0,-27.6961,0,0,103,2026-07-22 23:17:10
429010,4,TIGER 미국나스닥넥스트100,20515,3,0,0.0,20490.0,7.1428,0,0,103,2026-07-22 23:17:10
410870,2,TIME K컬처액티브,9315,3,0,0.0,9291.0,-17.5546,0,0,102,2026-07-22 23:17:10
498050,2,HANARO 바이오코리아액티브,10125,3,0,0.0,10087.0,-33.6467,0,0,101,2026-07-22 23:17:10
237440,7,TIGER 경기방어채권혼합,10060,3,0,0.0,10035.0,-4.8723,0,0,101,2026-07-22 23:17:10
0189Z0,2,DAISHIN343 금융&지주고배당,10000,3,0,0.0,10005.0,,0,0,100,2026-07-22 23:17:10
252000,1,TIGER 200동일가중,18180,3,0,0.0,18301.0,-15.4255,0,0,100,2026-07-22 23:17:10
0120J0,2,BNK 카카오그룹포커스,7655,3,0,0.0,7624.0,-22.7573,0,0,100,2026-07-22 23:17:10
446700,2,RISE 배터리 리사이클링,9025,3,0,0.0,8983.0,-41.2049,0,0,97,2026-07-22 23:17:10
0084D0,7,KIWOOM 미국테크100월간목표헤지액티브,12130,3,0,0.0,12153.0,7.819,0,0,97,2026-07-22 23:17:10
140570,2,RISE 수출주,24245,3,0,0.0,24394.0,-8.966,0,0,97,2026-07-22 23:17:10
375270,7,RISE 글로벌데이터센터리츠(합성),14730,3,0,0.0,14753.0,-7.4355,0,0,96,2026-07-22 23:17:10
105010,4,TIGER 라틴35,6810,3,0,0.0,6845.0,-7.8269,0,0,95,2026-07-22 23:17:10
449680,7,TIGER 한중전기차(합성),11140,3,0,0.0,10959.0,-27.3191,0,0,95,2026-07-22 23:17:10
0001P0,2,마이티 바이오시밀러&CDMO액티브,8430,3,0,0.0,8373.0,-34.8341,0,0,94,2026-07-22 23:17:10
281990,2,RISE 중소형고배당,17145,3,0,0.0,17111.0,-12.6845,0,0,94,2026-07-22 23:17:10
497510,4,ACE 글로벌빅파마,13460,3,0,0.0,13475.0,7.4666,0,0,94,2026-07-22 23:17:10
0174R0,4,KIWOOM 미국성장다우존스,11755,3,0,0.0,11754.0,5.4635,0,0,94,2026-07-22 23:17:10
463690,4,KODEX 미국S&P500커뮤니케이션,18745,3,0,0.0,18867.0,-5.6526,0,0,94,2026-07-22 23:17:10
0191S0,1,IBK 코스닥150,12620,3,0,0.0,12717.0,,0,0,93,2026-07-22 23:17:10
371150,4,RISE 차이나항셍테크,7415,3,0,0.0,7406.0,-3.7689,0,0,93,2026-07-22 23:17:10
0215T0,4,HANARO 미국AI광통신TOP10,9260,3,0,0.0,9554.0,,0,0,93,2026-07-22 23:17:10
435540,7,KIWOOM TDF2040액티브 적격,18430,3,0,0.0,18452.0,4.9871,0,0,92,2026-07-22 23:17:10
480460,7,WON 한국부동산TOP3플러스,9155,3,0,0.0,9114.0,-15.605,0,0,92,2026-07-22 23:17:10
429980,7,SOL 한국형글로벌전기차&2차전지액티브,18300,3,0,0.0,18414.0,-2.6904,0,0,92,2026-07-22 23:17:10
261110,7,TIGER 미국달러선물레버리지,18275,3,0,0.0,18261.0,1.3986,0,0,91,2026-07-22 23:17:10
0203D0,7,PLUS 200위클리커버드콜채권혼합,9130,3,0,0.0,9088.0,,0,0,91,2026-07-22 23:17:10
461580,1,TIGER 코스닥글로벌,14035,3,0,0.0,14026.0,-29.5359,0,0,91,2026-07-22 23:17:10
404540,2,TIGER KRX기후변화솔루션,22710,3,0,0.0,22775.0,-12.5025,0,0,91,2026-07-22 23:17:10
341850,7,TIGER 리츠부동산인프라채권,4515,3,0,0.0,4507.0,-12.3231,0,0,90,2026-07-22 23:17:10
0166T0,4,PLUS 글로벌저작권핵심기업액티브,9985,3,0,0.0,10064.0,-6.2863,0,0,90,2026-07-22 23:17:10
395150,2,KODEX 웹툰&드라마,1752,3,0,0.0,1752.0,-32.6991,0,0,89,2026-07-22 23:17:10
301400,1,PLUS 코스닥150,12600,3,0,0.0,12715.0,-36.6455,0,0,88,2026-07-22 23:17:10
0219B0,2,KoAct 광통신&위성네트워크액티브,9745,3,0,0.0,9722.0,,0,0,88,2026-07-22 23:17:10
225800,7,KIWOOM 미국달러선물레버리지,17190,3,0,0.0,17201.0,1.065,0,0,88,2026-07-22 23:17:10
482030,2,KoAct 반도체&2차전지핵심소재액티브,8280,3,0,0.0,8294.0,-40.6798,0,0,87,2026-07-22 23:17:10
0184N0,7,PLUS 은채권혼합,8675,3,0,0.0,8604.0,,0,0,87,2026-07-22 23:17:10
0216K0,7,KIWOOM 미국우주테크TOP2채권혼합50,8640,3,0,0.0,8618.0,,0,0,86,2026-07-22 23:17:10
497520,4,ACE 일라이릴리밸류체인,13245,3,0,0.0,13286.0,5.8679,0,0,86,2026-07-22 23:17:10
462340,4,에셋플러스 글로벌다이나믹시니어액티브,17050,3,0,0.0,17075.0,7.2151,0,0,85,2026-07-22 23:17:10
487920,4,ACE 인도시장대표BIG5그룹액티브,8455,3,0,0.0,8452.0,-2.2042,0,0,85,2026-07-22 23:17:10
0138D0,2,RISE 동학개미,12055,3,0,0.0,12035.0,-20.8878,0,0,84,2026-07-22 23:17:10
256450,4,PLUS 심천차이넥스트(합성),16770,3,0,0.0,16733.0,0.2958,0,0,84,2026-07-22 23:17:10
215620,2,HK S&P코리아로우볼,15400,3,0,0.0,15225.0,-16.1506,0,0,83,2026-07-22 23:17:10
182490,6,TIGER 단기선진하이일드(합성 H),13845,3,0,0.0,13837.0,-0.5064,0,0,83,2026-07-22 23:17:10
270800,2,RISE KQ고배당,14935,3,0,0.0,14867.0,-12.3116,0,0,82,2026-07-22 23:17:10
395750,2,PLUS ESG가치주액티브,20535,3,0,0.0,20469.0,7.8199,0,0,82,2026-07-22 23:17:10
435530,7,KIWOOM TDF2030액티브 적격,16415,3,0,0.0,16420.0,4.4728,0,0,82,2026-07-22 23:17:10
395280,2,HANARO Fn K-게임,3400,3,0,0.0,3394.0,-18.7872,0,0,82,2026-07-22 23:17:10
230480,7,KIWOOM 미국달러선물인버스2X,4025,3,0,0.0,4055.0,-2.0507,0,0,81,2026-07-22 23:17:10
494210,4,SOL 미국500타겟데일리커버드콜액티브,11515,3,0,0.0,11532.0,5.5015,0,0,81,2026-07-22 23:17:10
174350,2,TIGER 로우볼,20095,3,0,0.0,20144.0,-3.9085,0,0,80,2026-07-22 23:17:10
402460,2,HANARO Fn K-메타버스MZ,14545,3,0,0.0,14447.0,20.2889,0,0,80,2026-07-22 23:17:10
457930,2,BNK 미래전략기술액티브,26245,3,0,0.0,26141.0,-15.1294,0,0,79,2026-07-22 23:17:10
390400,4,KODEX 미국스마트모빌리티S&P,7845,3,0,0.0,7937.0,-3.9614,0,0,78,2026-07-22 23:17:10
437370,4,RISE 글로벌농업경제,11175,3,0,0.0,11137.0,-1.0214,0,0,78,2026-07-22 23:17:10
381570,2,HANARO Fn친환경에너지,9165,3,0,0.0,9125.0,-33.1367,0,0,78,2026-07-22 23:17:10
217780,4,TIGER 차이나CSI300인버스(합성),5020,3,0,0.0,5073.0,-1.3672,0,0,78,2026-07-22 23:17:10
0218K0,2,BNK 스마트카,10365,3,0,0.0,10358.0,,0,0,78,2026-07-22 23:17:10
189400,4,PLUS 글로벌MSCI(합성 H),25310,3,0,0.0,25396.0,2.7999,0,0,76,2026-07-22 23:17:10
400590,4,SOL 글로벌탄소배출권선물ICE(합성),15100,3,0,0.0,15151.0,12.9068,0,0,76,2026-07-22 23:17:10
0036Z0,4,RISE 미국천연가스밸류체인,13630,3,0,0.0,13597.0,5.7601,0,0,75,2026-07-22 23:17:10
0094X0,4,1Q 샤오미밸류체인액티브,8800,3,0,0.0,8808.0,-9.35,0,0,75,2026-07-22 23:17:10
0005C0,6,RISE 미국S&P500엔화노출(합성 H),11485,3,0,0.0,11493.0,1.6517,0,0,75,2026-07-22 23:17:10
0172Y0,2,ACE K수출핵심TOP10산업액티브,9295,3,0,0.0,9295.0,-13.1604,0,0,74,2026-07-22 23:17:10
488480,4,RISE 일본섹터TOP4Plus,13500,3,0,0.0,13466.0,-0.7098,0,0,74,2026-07-22 23:17:10
466810,2,BNK 2차전지양극재,5120,3,0,0.0,5097.0,-42.7763,0,0,74,2026-07-22 23:17:10
0082F0,4,HANARO 유럽방산,10560,3,0,0.0,10515.0,-8.7014,0,0,74,2026-07-22 23:17:10
438740,2,MIDAS 중소형액티브,32710,3,0,0.0,32461.0,-17.1648,0,0,74,2026-07-22 23:17:10
0047N0,4,PLUS 차이나AI테크TOP10,10495,3,0,0.0,10599.0,-5.4481,0,0,73,2026-07-22 23:17:10
450180,7,KODEX 한중전기차(합성),11300,3,0,0.0,11258.0,-25.8193,0,0,73,2026-07-22 23:17:10
304670,6,KODEX 미국30년국채울트라선물인버스(H),12215,3,0,0.0,12234.0,3.4013,0,0,73,2026-07-22 23:17:10
285690,2,FOCUS ESG리더스,20880,3,0,0.0,20807.0,-6.2129,0,0,73,2026-07-22 23:17:10
250780,3,TIGER 코스닥150선물인버스,2895,3,0,0.0,2900.0,42.0398,0,0,72,2026-07-22 23:17:10
225050,4,TIGER 유로스탁스레버리지(합성 H),15995,3,0,0.0,16030.0,5.9003,0,0,72,2026-07-22 23:17:10
219900,4,ACE 중국본토CSI300레버리지(합성),5050,3,0,0.0,5084.0,-2.5541,0,0,71,2026-07-22 23:17:10
139290,2,TIGER 200 경기소비재,27070,3,0,0.0,27147.0,-6.2101,0,0,70,2026-07-22 23:17:10
227570,2,TIGER 우량가치,19520,3,0,0.0,19441.0,-15.3588,0,0,70,2026-07-22 23:17:10
456200,6,PLUS 미국달러SOFR금리액티브(합성),63880,3,0,0.0,63939.0,1.1841,0,0,70,2026-07-22 23:17:10
316300,7,ACE 싱가포르리츠,14000,3,0,0.0,14124.0,-3.0274,0,0,70,2026-07-22 23:17:10
326230,2,RISE 내수주플러스,10815,3,0,0.0,10803.0,-11.6704,0,0,69,2026-07-22 23:17:10
139660,7,KIWOOM 미국달러선물인버스,7850,3,0,0.0,7841.0,-0.6338,0,0,68,2026-07-22 23:17:10
0087F0,4,ACE 차이나AI빅테크TOP2+액티브,13550,3,0,0.0,13549.0,16.1062,0,0,68,2026-07-22 23:17:10
244670,2,KODEX 밸류Plus,11155,3,0,0.0,10994.0,-13.9725,0,0,67,2026-07-22 23:17:10
429740,7,PLUS K리츠,5930,3,0,0.0,5948.0,-20.1866,0,0,65,2026-07-22 23:17:10
368680,2,KODEX K-뉴딜디지털플러스,7185,3,0,0.0,7120.0,-26.64,0,0,65,2026-07-22 23:17:10
0176P0,2,FOCUS AI반도체위클리고정커버드콜,12760,3,0,0.0,12664.0,13.1453,0,0,64,2026-07-22 23:17:10
253280,2,RISE 헬스케어,11550,3,0,0.0,11551.0,-30.9725,0,0,64,2026-07-22 23:17:10
0102X0,4,ACE 유럽방산TOP10,9055,3,0,0.0,9083.0,-15.4585,0,0,63,2026-07-22 23:17:10
315270,2,TIGER 200커뮤니케이션서비스,19590,3,0,0.0,19672.0,-16.3577,0,0,63,2026-07-22 23:17:10
272570,6,RISE 중장기국공채액티브,107175,3,0,0.0,107149.0,-1.5096,0,0,62,2026-07-22 23:17:10
401590,4,HANARO 글로벌탄소배출권선물ICE(합성),12050,3,0,0.0,12072.0,12.2429,0,0,61,2026-07-22 23:17:10
138920,5,KODEX 콩선물(H),12125,3,0,0.0,12094.0,0.7086,0,0,61,2026-07-22 23:17:10
407300,2,HANARO Fn골프테마,10955,3,0,0.0,10795.0,-13.013,0,0,60,2026-07-22 23:17:10
291890,4,KODEX MSCI EM선물(H),11975,3,0,0.0,11940.0,1.7849,0,0,60,2026-07-22 23:17:10
0053M0,2,더제이 중소형포커스액티브,13235,3,0,0.0,12823.0,-11.8404,0,0,60,2026-07-22 23:17:10
451670,6,RISE 국채30년레버리지(합성),11895,3,0,0.0,11934.0,-32.2805,0,0,59,2026-07-22 23:17:10
476310,4,RISE 글로벌비만산업TOP2+,10805,3,0,0.0,10860.0,12.8654,0,0,59,2026-07-22 23:17:10
0114X0,4,RISE 글로벌게임테크TOP3Plus,8465,3,0,0.0,8444.0,3.4188,0,0,59,2026-07-22 23:17:10
0184V0,2,UNICORN K바이오액티브,5360,3,0,0.0,5400.0,,0,0,59,2026-07-22 23:17:10
0132D0,7,KoAct 글로벌K컬처밸류체인액티브,9030,3,0,0.0,9119.0,-7.95,0,0,59,2026-07-22 23:17:10
400580,4,SOL 유럽탄소배출권선물S&P(H),11685,3,0,0.0,11814.0,9.3271,0,0,58,2026-07-22 23:17:10
289670,6,PLUS 국채선물10년,51550,3,0,0.0,51441.0,-4.2619,0,0,58,2026-07-22 23:17:10
413220,4,SOL 차이나태양광CSI(합성),4805,3,0,0.0,4823.0,-25.3931,0,0,58,2026-07-22 23:17:10
0154H0,4,KoAct 차이나바이오헬스케어액티브,8870,3,0,0.0,8918.0,-11.7347,0,0,58,2026-07-22 23:17:10
433250,1,UNICORN R&D 액티브,23020,3,0,0.0,22940.0,-6.6377,0,0,58,2026-07-22 23:17:10
0191B0,1,MIDAS 코스닥액티브,28500,3,0,0.0,28364.0,,0,0,57,2026-07-22 23:17:10
469530,3,RISE 미국달러선물인버스,8780,3,0,0.0,8772.0,0.0568,0,0,56,2026-07-22 23:17:10
0078V0,4,PLUS 미국로보택시,10160,3,0,0.0,10168.0,-9.5489,0,0,56,2026-07-22 23:17:10
314700,2,HANARO 농업융복합산업,10150,3,0,0.0,10220.0,-20.733,0,0,56,2026-07-22 23:17:10
139240,2,TIGER 200 철강소재,9300,3,0,0.0,9284.0,-39.6536,0,0,56,2026-07-22 23:17:10
499150,4,SOL 미국S&P500엔화노출(H),11090,3,0,0.0,11117.0,2.2557,0,0,55,2026-07-22 23:17:10
483030,4,KIWOOM 미국블록버스터바이오테크의약품+,12295,3,0,0.0,12251.0,6.9421,0,0,55,2026-07-22 23:17:10
432600,6,RISE 국채선물3년,54970,3,0,0.0,54939.0,-0.4074,0,0,55,2026-07-22 23:17:10
267450,6,RISE 미국장기국채선물인버스(H),10980,3,0,0.0,11043.0,1.5777,0,0,55,2026-07-22 23:17:10
490330,4,KoAct 미국치매&뇌질환치료제액티브,15645,3,0,0.0,15687.0,19.4728,0,0,55,2026-07-22 23:17:10
261920,4,ACE MSCI필리핀(합성),13625,3,0,0.0,13616.0,3.712,0,0,55,2026-07-22 23:17:10
0131A0,4,SOL 차이나소비트렌드,8360,3,0,0.0,8392.0,-19.2345,0,0,54,2026-07-22 23:17:10
0073X0,5,FOCUS 알리바바미국채커버드콜혼합,9855,3,0,0.0,9912.0,-4.5672,0,0,54,2026-07-22 23:17:10
220130,4,SOL 차이나강소기업CSI500(합성 H),6710,3,0,0.0,6744.0,-3.6429,0,0,54,2026-07-22 23:17:10
474390,6,SOL 국고채30년액티브,40050,3,0,0.0,39948.0,-16.7355,0,0,54,2026-07-22 23:17:10
321410,7,KODEX 멀티에셋하이인컴(H),10700,3,0,0.0,10707.0,-0.3662,0,0,54,2026-07-22 23:17:10
483020,2,KIWOOM 의료AI,8815,3,0,0.0,8807.0,-33.3592,0,0,53,2026-07-22 23:17:10
0015E0,7,KIWOOM 엔비디아미국30년국채혼합액티브(H),10550,3,0,0.0,10583.0,-1.3131,0,0,53,2026-07-22 23:17:10
0128D0,4,PLUS 차이나항셍테크위클리타겟커버드콜,7515,3,0,0.0,7584.0,-4.2745,0,0,53,2026-07-22 23:17:10
391600,4,ACE 미국친환경그린테마,11615,3,0,0.0,11833.0,-5.9563,0,0,52,2026-07-22 23:17:10
252420,3,RISE 200선물인버스2X,104,3,0,0.0,103.0,-43.8503,0,0,52,2026-07-22 23:17:10
0174J0,7,DAISHIN343 오피스리츠플러스,8585,3,0,0.0,8603.0,-20.9395,0,0,52,2026-07-22 23:17:10
411860,4,KIWOOM 독일DAX,17050,3,0,0.0,17628.0,-2.3893,0,0,51,2026-07-22 23:17:10
295000,6,RISE 국채선물10년,50810,3,0,0.0,50801.0,-4.2921,0,0,51,2026-07-22 23:17:10
498610,4,RISE 인도디지털성장,8410,3,0,0.0,8378.0,-3.5058,0,0,50,2026-07-22 23:17:10
488200,2,KIWOOM K-2차전지북미공급망,11095,3,0,0.0,11163.0,-32.7408,0,0,50,2026-07-22 23:17:10
307510,2,TIGER 의료기기,12400,3,0,0.0,12433.0,-30.4181,0,0,50,2026-07-22 23:17:10
0015K0,4,TIGER 미국소비트렌드액티브,7420,3,0,0.0,7445.0,-4.0463,0,0,49,2026-07-22 23:17:10
267440,6,RISE 미국장기국채선물(H),8070,3,0,0.0,8141.0,-2.7993,0,0,48,2026-07-22 23:17:10
470310,2,UNICORN 생성형AI강소기업액티브,15855,3,0,0.0,15778.0,-0.7342,0,0,48,2026-07-22 23:17:10
373790,4,KIWOOM 미국방어배당성장나스닥,16600,3,0,0.0,16499.0,0.9722,0,0,46,2026-07-22 23:17:10
244660,2,KODEX 퀄리티Plus,8930,3,0,0.0,8901.0,-13.1849,0,0,45,2026-07-22 23:17:10
205720,4,ACE 일본TOPIX인버스(합성 H),1479,3,0,0.0,1486.0,-7.125,0,0,44,2026-07-22 23:17:10
266550,2,PLUS 중형주저변동50,17735,3,0,0.0,17602.0,-14.9915,0,0,44,2026-07-22 23:17:10
0050E0,4,PLUS 미국AI에이전트,7810,3,0,0.0,7879.0,1.6523,0,0,43,2026-07-22 23:17:10
488210,2,KIWOOM K-반도체북미공급망,21460,3,0,0.0,21377.0,-11.0402,0,0,43,2026-07-22 23:17:10
243890,2,TIGER 200에너지화학레버리지,8075,3,0,0.0,8064.0,-31.8061,0,0,42,2026-07-22 23:17:10
291680,4,RISE 차이나H선물인버스(H),7885,3,0,0.0,8002.0,4.0978,0,0,39,2026-07-22 23:17:10
277650,2,TIGER 코스피중형주,19695,3,0,0.0,19628.0,-22.0419,0,0,39,2026-07-22 23:17:10
238670,7,PLUS 스마트베타Quality채권혼합,13125,3,0,0.0,13048.0,-1.8527,0,0,39,2026-07-22 23:17:10
225030,4,TIGER 미국S&P500선물인버스(H),2305,3,0,0.0,2307.0,-4.3569,0,0,39,2026-07-22 23:17:10
334690,5,RISE 팔라듐선물(H),5955,3,0,0.0,5946.0,-19.3104,0,0,39,2026-07-22 23:17:10
226380,2,ACE Fn성장소비주도주,5395,3,0,0.0,5373.0,-19.2595,0,0,38,2026-07-22 23:17:10
227550,2,TIGER 200 산업재,11060,3,0,0.0,11055.0,-28.7145,0,0,38,2026-07-22 23:17:10
0079X0,4,ACE BYD밸류체인액티브,10510,3,0,0.0,10514.0,-17.0238,0,0,37,2026-07-22 23:17:10
291630,3,KIWOOM 코스닥150선물레버리지,2995,3,0,0.0,2976.0,-63.2995,0,0,36,2026-07-22 23:17:10
267490,6,RISE 미국장기국채선물레버리지(합성 H),5040,3,0,0.0,5108.0,-8.0616,0,0,35,2026-07-22 23:17:10
454180,4,KIWOOM 차이나내수소비TOP CSI,8100,3,0,0.0,8187.0,-6.2516,0,0,32,2026-07-22 23:17:10
145670,3,ACE 인버스,1388,3,0,0.0,1394.0,-20.4094,0,0,32,2026-07-22 23:17:10
253230,3,KIWOOM 200선물인버스2X,98,3,0,0.0,98.0,-44.7514,0,0,32,2026-07-22 23:17:10
489010,4,PLUS 글로벌AI인프라,21035,3,0,0.0,20755.0,2.5615,0,0,32,2026-07-22 23:17:10
227560,2,TIGER 200 생활소비재,12065,3,0,0.0,12100.0,-11.5815,0,0,31,2026-07-22 23:17:10
476000,2,UNICORN 포스트IPO액티브,5425,3,0,0.0,5403.0,-56.3008,0,0,30,2026-07-22 23:17:10
291620,3,KIWOOM 코스닥150선물인버스,5185,3,0,0.0,5197.0,43.6974,0,0,30,2026-07-22 23:17:10
427120,2,RISE AI플랫폼,4640,3,0,0.0,4623.0,-34.8266,0,0,29,2026-07-22 23:17:10
252410,3,RISE 200선물인버스,1419,3,0,0.0,1423.0,-20.7243,0,0,28,2026-07-22 23:17:10
306530,3,HANARO 코스닥150선물레버리지,5955,3,0,0.0,5915.0,-64.0344,0,0,27,2026-07-22 23:17:10
280940,5,KODEX 골드선물인버스(H),3630,3,0,0.0,3665.0,17.5632,0,0,27,2026-07-22 23:17:10
275750,3,RISE 코스닥150선물인버스,2925,3,0,0.0,2939.0,41.8719,0,0,26,2026-07-22 23:17:10
491630,4,RISE 미국반도체인버스(합성 H),5315,3,0,0.0,5272.0,-30.3165,0,0,25,2026-07-22 23:17:10
334700,5,RISE 팔라듐선물인버스(H),3395,3,0,0.0,3409.0,14.9006,0,0,22,2026-07-22 23:17:10
397420,6,RISE 국채선물5년추종,50230,3,0,0.0,50204.0,-1.5743,0,0,21,2026-07-22 23:17:10
253160,3,PLUS 200선물인버스2X,210,3,0,0.0,203.0,-46.1742,0,0,19,2026-07-22 23:17:10
253240,3,KIWOOM 200선물인버스,1419,3,0,0.0,1422.0,-21.3452,0,0,17,2026-07-22 23:17:10
465620,4,ACE 미국빅테크TOP7 Plus인버스(합성),6440,3,0,0.0,6423.0,-4.3932,0,0,16,2026-07-22 23:17:10
306520,3,HANARO 200선물인버스,2605,3,0,0.0,2604.0,-19.32,0,0,16,2026-07-22 23:17:10
412560,2,TIGER BBIG레버리지,1488,3,0,0.0,1496.0,-46.8695,0,0,10,2026-07-22 23:17:10
