itemcode,etfTabCode,itemname,nowVal,risefall,changeVal,changeRate,nav,threeMonthEarnRate,quant,amonut,marketSum,collected_at
069500,1,KODEX 200,107270,3,0,0.0,107667.0,-12.3673,0,0,253425,2026-08-13 23:55:24
360750,4,TIGER 미국S&P500,27280,3,0,0.0,27346.0,-0.231,0,0,208269,2026-08-13 23:55:24
133690,4,TIGER 미국나스닥100,187150,3,0,0.0,187474.0,-2.826,0,0,116763,2026-08-13 23:55:24
102110,1,TIGER 200,107530,3,0,0.0,107910.0,-12.2288,0,0,103175,2026-08-13 23:55:24
379800,4,KODEX 미국S&P500,24800,3,0,0.0,24859.0,-0.2671,0,0,102337,2026-08-13 23:55:24
379810,4,KODEX 미국나스닥100,27965,3,0,0.0,28029.0,-2.8589,0,0,93892,2026-08-13 23:55:24
396500,2,TIGER 반도체TOP10,35250,3,0,0.0,35515.0,-29.3729,0,0,93800,2026-08-13 23:55:24
488770,7,KODEX 머니마켓액티브,105215,3,0,0.0,105239.0,0.8434,0,0,80185,2026-08-13 23:55:24
278530,1,KODEX 200TR,38835,3,0,0.0,38992.0,-12.3463,0,0,77534,2026-08-13 23:55:24
459580,6,KODEX CD금리액티브(합성),1074865,3,0,0.0,1074737.0,0.7406,0,0,66329,2026-08-13 23:55:24
122630,3,KODEX 레버리지,107975,3,0,0.0,108684.0,-37.1874,0,0,62464,2026-08-13 23:55:24
381180,4,TIGER 미국필라델피아반도체나스닥,46085,3,0,0.0,46016.0,-0.8044,0,0,62007,2026-08-13 23:55:24
498400,2,KODEX 200타겟위클리커버드콜,20200,3,0,0.0,20344.0,-13.2346,0,0,58903,2026-08-13 23:55:24
0167A0,2,SOL AI반도체TOP2플러스,17580,3,0,0.0,17662.0,-6.9596,0,0,56546,2026-08-13 23:55:24
091160,2,KODEX 반도체,123575,3,0,0.0,124040.0,-20.7116,0,0,55176,2026-08-13 23:55:24
229200,1,KODEX 코스닥150,14800,3,0,0.0,14822.0,-24.258,0,0,54316,2026-08-13 23:55:24
148020,1,RISE 200,108040,3,0,0.0,108466.0,-12.3168,0,0,45863,2026-08-13 23:55:24
310970,1,TIGER MSCI Korea TR,47945,3,0,0.0,48094.0,-11.971,0,0,43486,2026-08-13 23:55:24
458730,4,TIGER 미국배당다우존스,15365,3,0,0.0,15448.0,3.2941,0,0,42907,2026-08-13 23:55:24
411060,5,ACE KRX금현물,28035,3,0,0.0,27996.0,-10.2018,0,0,41211,2026-08-13 23:55:24
360200,4,ACE 미국S&P500,27595,3,0,0.0,27645.0,-0.1566,0,0,40647,2026-08-13 23:55:24
0162Z0,7,RISE 삼성전자SK하이닉스채권혼합50,13170,3,0,0.0,13169.0,-3.0653,0,0,40524,2026-08-13 23:55:24
395160,2,KODEX AI반도체TOP2플러스,39745,3,0,0.0,39909.0,-1.7308,0,0,40182,2026-08-13 23:55:24
233740,3,KODEX 코스닥150레버리지,7810,3,0,0.0,7853.0,-51.218,0,0,40065,2026-08-13 23:55:24
381170,4,TIGER 미국테크TOP10 INDXX,31650,3,0,0.0,31727.0,-7.0758,0,0,38993,2026-08-13 23:55:24
423160,6,KODEX KOFR금리액티브(합성),110765,3,0,0.0,110755.0,0.6703,0,0,36138,2026-08-13 23:55:24
395270,2,HANARO Fn K-반도체,56320,3,0,0.0,56452.0,-3.5039,0,0,35679,2026-08-13 23:55:24
367380,4,ACE 미국나스닥100,32165,3,0,0.0,32227.0,-2.8719,0,0,35510,2026-08-13 23:55:24
357870,6,TIGER CD금리투자KIS(합성),57905,3,0,0.0,57908.0,0.7569,0,0,35488,2026-08-13 23:55:24
102780,2,KODEX 삼성그룹,26355,3,0,0.0,26506.0,-0.1138,0,0,34024,2026-08-13 23:55:24
273130,6,KODEX 종합채권(AA-이상)액티브,109665,3,0,0.0,109620.0,-1.7471,0,0,33602,2026-08-13 23:55:24
487240,2,KODEX AI전력핵심설비,36845,3,0,0.0,37275.0,-37.4173,0,0,32313,2026-08-13 23:55:24
455890,6,RISE 머니마켓액티브,55385,3,0,0.0,55393.0,0.8008,0,0,29906,2026-08-13 23:55:24
0043B0,6,TIGER 머니마켓액티브,103350,3,0,0.0,103354.0,0.8784,0,0,29301,2026-08-13 23:55:24
139260,2,TIGER 200 IT,137165,3,0,0.0,137469.0,-7.701,0,0,27296,2026-08-13 23:55:24
426030,4,TIME 미국나스닥100액티브,48470,3,0,0.0,48296.0,-10.9172,0,0,25825,2026-08-13 23:55:24
481050,6,KODEX CD1년금리플러스액티브(합성),1022920,3,0,0.0,1022670.0,0.7794,0,0,25652,2026-08-13 23:55:24
449170,6,TIGER KOFR금리액티브(합성),111590,3,0,0.0,111581.0,0.6539,0,0,24360,2026-08-13 23:55:24
486290,4,TIGER 미국나스닥100타겟데일리커버드콜,11035,3,0,0.0,11046.0,-3.3357,0,0,23918,2026-08-13 23:55:24
161510,2,PLUS 고배당주,24990,3,0,0.0,25064.0,-7.6737,0,0,23736,2026-08-13 23:55:24
278540,1,KODEX MSCI Korea TR,38400,3,0,0.0,38290.0,-11.2755,0,0,23462,2026-08-13 23:55:24
472150,2,TIGER 배당커버드콜액티브,20415,3,0,0.0,20486.0,-11.545,0,0,23334,2026-08-13 23:55:24
0193T0,2,KODEX SK하이닉스단일종목레버리지,9205,3,0,0.0,9261.0,,0,0,23250,2026-08-13 23:55:24
456600,4,TIME 글로벌AI인공지능액티브,60140,3,0,0.0,60020.0,-6.0533,0,0,22204,2026-08-13 23:55:24
284430,6,KODEX 200미국채혼합50,21090,3,0,0.0,21107.0,-7.8702,0,0,20668,2026-08-13 23:55:24
292150,2,TIGER 코리아TOP10,37610,3,0,0.0,37756.0,-13.5063,0,0,20309,2026-08-13 23:55:24
385540,6,RISE 종합채권(A-이상)액티브,102665,3,0,0.0,102657.0,-1.6666,0,0,19069,2026-08-13 23:55:24
105190,1,ACE 200,107555,3,0,0.0,107897.0,-12.4391,0,0,18930,2026-08-13 23:55:24
214980,6,KODEX 단기채권PLUS,114490,3,0,0.0,114518.0,0.604,0,0,18395,2026-08-13 23:55:24
294400,1,KIWOOM 200TR,140810,3,0,0.0,141303.0,-12.2187,0,0,18164,2026-08-13 23:55:24
0193W0,2,KODEX 삼성전자단일종목레버리지,12845,3,0,0.0,12913.0,,0,0,17758,2026-08-13 23:55:24
442580,4,PLUS 글로벌HBM반도체,100500,3,0,0.0,99995.0,-3.5509,0,0,17457,2026-08-13 23:55:24
441640,4,KODEX 미국배당커버드콜액티브,13025,3,0,0.0,13034.0,2.0095,0,0,17102,2026-08-13 23:55:24
305720,2,KODEX 2차전지산업,14430,3,0,0.0,14480.0,-28.5644,0,0,16797,2026-08-13 23:55:24
477080,6,RISE CD금리액티브(합성),107305,3,0,0.0,107320.0,0.7085,0,0,16717,2026-08-13 23:55:24
487230,4,KODEX 미국AI전력핵심인프라,21695,3,0,0.0,21594.0,-21.9855,0,0,16206,2026-08-13 23:55:24
446770,4,ACE 글로벌반도체TOP4 Plus,80095,3,0,0.0,80179.0,-5.0284,0,0,16139,2026-08-13 23:55:24
368590,4,RISE 미국나스닥100,31200,3,0,0.0,31264.0,-2.7925,0,0,15818,2026-08-13 23:55:24
379780,4,RISE 미국S&P500,23865,3,0,0.0,23905.0,-0.0893,0,0,15703,2026-08-13 23:55:24
466920,2,SOL 조선TOP3플러스,29285,3,0,0.0,29370.0,-28.0997,0,0,15609,2026-08-13 23:55:24
152100,1,PLUS 200,108965,3,0,0.0,109301.0,-12.4842,0,0,15473,2026-08-13 23:55:24
329200,2,TIGER 리츠부동산인프라,4075,3,0,0.0,4089.0,-1.9847,0,0,15285,2026-08-13 23:55:24
0177N0,7,KODEX 삼성전자SK하이닉스채권혼합50,14000,3,0,0.0,13918.0,-2.4327,0,0,15064,2026-08-13 23:55:24
453850,6,ACE 미국30년국채액티브(H),7155,3,0,0.0,7135.0,-2.5284,0,0,15033,2026-08-13 23:55:24
475630,7,TIGER CD1년금리액티브(합성),1074420,3,0,0.0,1074419.0,0.7856,0,0,14529,2026-08-13 23:55:24
232080,1,TIGER 코스닥150,15110,3,0,0.0,15115.0,-24.1847,0,0,14128,2026-08-13 23:55:24
390390,4,KODEX 미국반도체,56760,3,0,0.0,56671.0,-2.0493,0,0,13566,2026-08-13 23:55:24
0195S0,2,TIGER SK하이닉스단일종목레버리지,7790,3,0,0.0,7855.0,,0,0,13535,2026-08-13 23:55:24
091230,2,TIGER 반도체,131315,3,0,0.0,131776.0,-19.9934,0,0,13473,2026-08-13 23:55:24
436140,6,SOL 종합채권(AA-이상)액티브,105995,3,0,0.0,105924.0,-1.4642,0,0,13394,2026-08-13 23:55:24
0183J0,4,TIGER 미국우주테크,8965,3,0,0.0,8982.0,-30.1792,0,0,13129,2026-08-13 23:55:24
157450,6,TIGER 단기통안채,112415,3,0,0.0,112416.0,0.6401,0,0,12945,2026-08-13 23:55:24
448330,1,KODEX 삼성전자채권혼합,17405,3,0,0.0,17424.0,1.1025,0,0,12758,2026-08-13 23:55:24
438080,7,ACE 미국S&P500미국채혼합50액티브,14500,3,0,0.0,14496.0,-2.1263,0,0,12572,2026-08-13 23:55:24
0072R0,5,TIGER KRX금현물,13330,3,0,0.0,13378.0,-10.6569,0,0,12350,2026-08-13 23:55:24
497570,4,TIGER 미국필라델피아AI반도체나스닥,23125,3,0,0.0,23105.0,2.2186,0,0,11817,2026-08-13 23:55:24
449450,2,PLUS K방산,58555,3,0,0.0,58925.0,-18.5492,0,0,11494,2026-08-13 23:55:24
445290,2,KODEX 로봇액티브,32460,3,0,0.0,32585.0,-22.9414,0,0,11312,2026-08-13 23:55:24
469150,2,ACE AI반도체TOP3+,57225,3,0,0.0,57378.0,-22.4962,0,0,11187,2026-08-13 23:55:24
465580,4,ACE 미국빅테크TOP7 Plus,25240,3,0,0.0,25322.0,-1.6752,0,0,11181,2026-08-13 23:55:24
226490,1,KODEX 코스피,69830,3,0,0.0,70007.0,-13.2958,0,0,11033,2026-08-13 23:55:24
494890,1,KODEX 200액티브,30895,3,0,0.0,31051.0,-12.6306,0,0,10813,2026-08-13 23:55:24
0139F0,6,TIGER 12월자동연장금융채(AA-이상)액티브,102010,3,0,0.0,101988.0,0.7456,0,0,10791,2026-08-13 23:55:24
446720,4,SOL 미국배당다우존스,14085,3,0,0.0,14161.0,3.4162,0,0,10493,2026-08-13 23:55:24
479520,6,RISE KOFR금리액티브(합성),106235,3,0,0.0,106209.0,0.6775,0,0,10312,2026-08-13 23:55:24
0195R0,2,TIGER 삼성전자단일종목레버리지,11675,3,0,0.0,11749.0,,0,0,10224,2026-08-13 23:55:24
0117V0,2,TIGER 코리아AI전력기기TOP3플러스,19210,3,0,0.0,19369.0,-35.8664,0,0,10201,2026-08-13 23:55:24
449180,4,KODEX 미국S&P500(H),17315,3,0,0.0,17293.0,4.3386,0,0,10155,2026-08-13 23:55:24
494310,2,KODEX 반도체레버리지,73950,3,0,0.0,74599.0,-52.7989,0,0,10131,2026-08-13 23:55:24
455850,2,SOL AI반도체소부장,23790,3,0,0.0,23965.0,-28.1269,0,0,10099,2026-08-13 23:55:24
469830,6,SOL 초단기채권액티브,54300,3,0,0.0,54293.0,0.8543,0,0,10050,2026-08-13 23:55:24
479080,6,1Q 머니마켓액티브,53680,3,0,0.0,53677.0,0.8548,0,0,9967,2026-08-13 23:55:24
494300,4,KODEX 미국나스닥100데일리커버드콜OTM,9505,3,0,0.0,9528.0,-6.2409,0,0,9961,2026-08-13 23:55:24
356540,6,ACE 종합채권(AA-이상)액티브,100980,3,0,0.0,100941.0,-1.4589,0,0,9948,2026-08-13 23:55:24
451540,6,TIGER 종합채권(AA-이상)액티브,52665,3,0,0.0,52683.0,-1.7169,0,0,9901,2026-08-13 23:55:24
295040,1,SOL 200TR,40220,3,0,0.0,40374.0,-12.432,0,0,9894,2026-08-13 23:55:24
315930,2,KODEX Top5PlusTR,80415,3,0,0.0,80659.0,-12.2107,0,0,9811,2026-08-13 23:55:24
402970,4,ACE 미국배당다우존스,15670,3,0,0.0,15698.0,3.7106,0,0,9731,2026-08-13 23:55:24
237350,1,KODEX 코스피100,85230,3,0,0.0,85841.0,-12.7344,0,0,9716,2026-08-13 23:55:24
495050,1,RISE 코리아밸류업,32255,3,0,0.0,32356.0,-12.7512,0,0,9596,2026-08-13 23:55:24
438100,7,ACE 미국나스닥100미국채혼합50액티브,15690,3,0,0.0,15688.0,-3.4759,0,0,9524,2026-08-13 23:55:24
0117L0,6,KODEX 26-12 금융채(AA-이상)액티브,10145,3,0,0.0,10144.0,0.6448,0,0,9417,2026-08-13 23:55:24
305540,2,TIGER 2차전지테마,18180,3,0,0.0,18260.0,-28.1423,0,0,8935,2026-08-13 23:55:24
0177R0,2,TIGER 반도체TOP10커버드콜액티브,11090,3,0,0.0,11186.0,-16.6812,0,0,8650,2026-08-13 23:55:24
153130,6,KODEX 단기채권,113170,3,0,0.0,113174.0,0.6245,0,0,8105,2026-08-13 23:55:24
475720,3,RISE 200위클리커버드콜,12435,3,0,0.0,12513.0,-13.7793,0,0,8027,2026-08-13 23:55:24
371460,4,TIGER 차이나전기차SOLACTIVE,11005,3,0,0.0,10992.0,-24.2341,0,0,7994,2026-08-13 23:55:24
490590,4,RISE 미국AI밸류체인데일리고정커버드콜,14845,3,0,0.0,14857.0,-2.424,0,0,7935,2026-08-13 23:55:24
0025N0,7,TIGER TDF2045 적격,12355,3,0,0.0,12330.0,-0.6434,0,0,7882,2026-08-13 23:55:24
498410,2,KODEX 금융고배당TOP10타겟위클리커버드콜,11615,3,0,0.0,11621.0,-0.5893,0,0,7863,2026-08-13 23:55:24
144600,5,KODEX 은선물(H),10590,3,0,0.0,10570.0,-26.0475,0,0,7837,2026-08-13 23:55:24
466940,2,TIGER 은행고배당플러스TOP10,26190,3,0,0.0,26178.0,5.292,0,0,7831,2026-08-13 23:55:24
476550,6,TIGER 미국30년국채커버드콜액티브(H),6840,3,0,0.0,6824.0,-2.3104,0,0,7828,2026-08-13 23:55:24
487340,6,ACE 머니마켓액티브,105680,3,0,0.0,105694.0,0.8781,0,0,7801,2026-08-13 23:55:24
441800,1,TIME Korea플러스배당액티브,28135,3,0,0.0,28414.0,-19.6152,0,0,7777,2026-08-13 23:55:24
0048J0,6,KODEX 미국머니마켓액티브,14195,3,0,0.0,14194.0,-3.8021,0,0,7769,2026-08-13 23:55:24
481060,6,KODEX 미국30년국채타겟커버드콜(합성 H),7380,3,0,0.0,7410.0,-2.9175,0,0,7642,2026-08-13 23:55:24
457480,4,ACE 테슬라밸류체인액티브,18425,3,0,0.0,18403.0,-26.7542,0,0,7573,2026-08-13 23:55:24
102970,2,KODEX 증권,19390,3,0,0.0,19454.0,-32.4754,0,0,7533,2026-08-13 23:55:24
069660,1,KIWOOM 200,107225,3,0,0.0,107621.0,-12.3204,0,0,7506,2026-08-13 23:55:24
0061Z0,6,RISE 단기특수은행채액티브,50940,3,0,0.0,50933.0,0.7416,0,0,7344,2026-08-13 23:55:24
272580,6,TIGER 단기채권액티브,57025,3,0,0.0,57020.0,0.6797,0,0,7319,2026-08-13 23:55:24
462330,2,KODEX 2차전지산업레버리지,1025,3,0,0.0,1029.0,-56.1028,0,0,7161,2026-08-13 23:55:24
458760,4,TIGER 미국배당다우존스타겟커버드콜2호,11290,3,0,0.0,11327.0,3.5861,0,0,7118,2026-08-13 23:55:24
0127P0,4,ACE 미국대형성장주액티브,10985,3,0,0.0,10961.0,-2.9919,0,0,6992,2026-08-13 23:55:24
456610,6,TIGER 미국달러SOFR금리액티브(합성),61525,3,0,0.0,61513.0,-3.8146,0,0,6983,2026-08-13 23:55:24
385560,6,RISE KIS국고채30년Enhanced,50560,3,0,0.0,50541.0,-14.1305,0,0,6982,2026-08-13 23:55:24
434730,2,HANARO 원자력iSelect,59000,3,0,0.0,59433.0,-31.5188,0,0,6962,2026-08-13 23:55:24
114800,3,KODEX 인버스,1039,3,0,0.0,1035.0,-4.4159,0,0,6891,2026-08-13 23:55:24
367760,2,RISE 네트워크인프라,58550,3,0,0.0,58885.0,-4.2049,0,0,6850,2026-08-13 23:55:24
138540,2,TIGER 현대차그룹플러스,53030,3,0,0.0,53267.0,-29.6312,0,0,6830,2026-08-13 23:55:24
491010,4,TIGER 글로벌AI전력인프라액티브,26980,3,0,0.0,26880.0,-19.8932,0,0,6764,2026-08-13 23:55:24
495850,1,KODEX 코리아밸류업,32040,3,0,0.0,32141.0,-12.9982,0,0,6744,2026-08-13 23:55:24
423920,4,TIGER 미국필라델피아반도체레버리지(합성),98255,3,0,0.0,98058.0,-12.9133,0,0,6740,2026-08-13 23:55:24
0167B0,2,SOL 200타겟위클리커버드콜,11755,3,0,0.0,11835.0,-12.724,0,0,6712,2026-08-13 23:55:24
0148J0,2,TIGER 코리아휴머노이드로봇산업,9945,3,0,0.0,9987.0,-30.4789,0,0,6698,2026-08-13 23:55:24
364980,2,TIGER 2차전지TOP10,9925,3,0,0.0,9964.0,-25.6833,0,0,6645,2026-08-13 23:55:24
418660,4,TIGER 미국나스닥100레버리지(합성),43200,3,0,0.0,43354.0,-8.2706,0,0,6631,2026-08-13 23:55:24
290130,2,RISE ESG사회책임투자,46600,3,0,0.0,46679.0,-11.901,0,0,6617,2026-08-13 23:55:24
482730,4,TIGER 미국S&P500타겟데일리커버드콜,12330,3,0,0.0,12355.0,0.0597,0,0,6584,2026-08-13 23:55:24
314250,4,KODEX 미국빅테크10(H),62120,3,0,0.0,61966.0,6.0304,0,0,6572,2026-08-13 23:55:24
455030,6,KODEX 미국달러SOFR금리액티브(합성),12170,3,0,0.0,12193.0,-4.103,0,0,6500,2026-08-13 23:55:24
434060,7,KODEX TDF2050액티브 적격,17355,3,0,0.0,17288.0,-4.9013,0,0,6421,2026-08-13 23:55:24
0015B0,4,KoAct 미국나스닥성장기업액티브,19685,3,0,0.0,19648.0,-14.0769,0,0,6398,2026-08-13 23:55:24
329750,6,TIGER 미국달러단기채권액티브,13400,3,0,0.0,13412.0,-4.0459,0,0,6376,2026-08-13 23:55:24
0101N0,2,RISE AI전력인프라,20070,3,0,0.0,19990.0,-32.5945,0,0,6312,2026-08-13 23:55:24
252670,3,KODEX 200선물인버스2X,81,3,0,0.0,80.0,-25.0,0,0,6265,2026-08-13 23:55:24
371160,4,TIGER 차이나항셍테크,7445,3,0,0.0,7461.0,-9.6274,0,0,6094,2026-08-13 23:55:24
396520,4,TIGER 차이나반도체FACTSET,14710,3,0,0.0,14444.0,-2.1291,0,0,6078,2026-08-13 23:55:24
466950,4,TIGER 글로벌AI액티브,32240,3,0,0.0,32159.0,-13.4962,0,0,5964,2026-08-13 23:55:24
494670,2,TIGER 조선TOP10,23015,3,0,0.0,23099.0,-27.5917,0,0,5961,2026-08-13 23:55:24
489250,4,KODEX 미국배당다우존스,13240,3,0,0.0,13286.0,3.4486,0,0,5958,2026-08-13 23:55:24
251600,7,PLUS 고배당주채권혼합,15405,3,0,0.0,15414.0,-2.8235,0,0,5946,2026-08-13 23:55:24
484790,6,KODEX 미국30년국채액티브(H),8250,3,0,0.0,8233.0,-2.3755,0,0,5941,2026-08-13 23:55:24
463250,2,TIGER K방산&우주,38205,3,0,0.0,38434.0,-16.7648,0,0,5788,2026-08-13 23:55:24
0019K0,7,TIME 미국나스닥100채권혼합50액티브,13625,3,0,0.0,13628.0,-3.4715,0,0,5709,2026-08-13 23:55:24
449190,4,KODEX 미국나스닥100(H),22415,3,0,0.0,22390.0,1.4795,0,0,5682,2026-08-13 23:55:24
0091P0,2,TIGER 코리아원자력,16510,3,0,0.0,16495.0,-31.036,0,0,5613,2026-08-13 23:55:24
0007F0,6,KODEX 27-12 회사채(AA-이상)액티브,10185,3,0,0.0,10179.0,0.692,0,0,5545,2026-08-13 23:55:24
491620,4,RISE 미국테크100데일리고정커버드콜,11025,3,0,0.0,11043.0,-1.931,0,0,5507,2026-08-13 23:55:24
0219E0,2,KODEX 200커버드콜액티브,8420,3,0,0.0,8441.0,,0,0,5481,2026-08-13 23:55:24
438330,6,TIGER 우량회사채액티브,115635,3,0,0.0,115713.0,0.6353,0,0,5400,2026-08-13 23:55:24
0105E0,2,SOL 코리아고배당,13005,3,0,0.0,13003.0,-5.7951,0,0,5397,2026-08-13 23:55:24
0190C0,2,RISE 현대차고정피지컬AI,8950,3,0,0.0,8972.0,-29.137,0,0,5361,2026-08-13 23:55:24
444200,2,SOL 코리아메가테크액티브,46530,3,0,0.0,46878.0,-20.5905,0,0,5328,2026-08-13 23:55:24
365780,6,ACE 국고채10년,82565,3,0,0.0,82639.0,-0.7334,0,0,5322,2026-08-13 23:55:24
462010,2,TIGER 2차전지소재Fn,4865,3,0,0.0,4868.0,-34.7418,0,0,5276,2026-08-13 23:55:24
488080,3,TIGER 반도체TOP10레버리지,33200,3,0,0.0,33762.0,-63.0701,0,0,5212,2026-08-13 23:55:24
496080,1,TIGER 코리아밸류업,32125,3,0,0.0,32224.0,-12.7472,0,0,5188,2026-08-13 23:55:24
251350,4,KODEX MSCI선진국,40575,3,0,0.0,40718.0,0.3676,0,0,5173,2026-08-13 23:55:24
114260,6,KODEX 국고채3년,61830,3,0,0.0,61850.0,0.6429,0,0,5120,2026-08-13 23:55:24
315960,2,RISE 대형고배당10TR,76520,3,0,0.0,76950.0,-15.815,0,0,5050,2026-08-13 23:55:24
435420,7,TIGER 미국나스닥100채권혼합50,14310,3,0,0.0,14297.0,-1.1284,0,0,4966,2026-08-13 23:55:24
243880,2,TIGER 200IT레버리지,339000,3,0,0.0,339081.0,-37.5219,0,0,4916,2026-08-13 23:55:24
361580,1,RISE 200TR,60965,3,0,0.0,61208.0,-12.4381,0,0,4908,2026-08-13 23:55:24
476800,7,KODEX 한국부동산리츠인프라,4245,3,0,0.0,4244.0,-5.3789,0,0,4854,2026-08-13 23:55:24
490490,7,SOL 미국배당미국채혼합50,11380,3,0,0.0,11373.0,-0.8397,0,0,4825,2026-08-13 23:55:24
483280,4,KODEX 미국AI테크TOP10타겟커버드콜,12190,3,0,0.0,12232.0,-6.2142,0,0,4803,2026-08-13 23:55:24
499660,7,TIGER CD금리플러스액티브(합성),1001505,3,0,0.0,1001502.0,0.7861,0,0,4793,2026-08-13 23:55:24
0163Y0,1,KoAct 코스닥액티브,9165,3,0,0.0,9207.0,-29.7432,0,0,4780,2026-08-13 23:55:24
0162M0,6,KODEX 금융채1~2년(AA-이상)PLUS액티브,10075,3,0,0.0,10066.0,0.75,0,0,4666,2026-08-13 23:55:24
277630,1,TIGER 코스피,70870,3,0,0.0,71047.0,-13.3962,0,0,4642,2026-08-13 23:55:24
471230,6,KODEX 국고채10년액티브,104060,3,0,0.0,103984.0,-0.7204,0,0,4639,2026-08-13 23:55:24
448290,4,TIGER 미국S&P500(H),17965,3,0,0.0,17942.0,4.2962,0,0,4617,2026-08-13 23:55:24
0023A0,4,SOL 미국양자컴퓨팅TOP10,27445,3,0,0.0,27619.0,-18.0624,0,0,4570,2026-08-13 23:55:24
293180,1,HANARO 200,107520,3,0,0.0,107949.0,-12.2785,0,0,4516,2026-08-13 23:55:24
473290,6,KODEX 26-12 회사채(AA-이상)액티브,10870,3,0,0.0,10869.0,0.6947,0,0,4514,2026-08-13 23:55:24
0173Y0,4,KODEX 미국AI광통신네트워크,12685,3,0,0.0,12781.0,-14.9637,0,0,4408,2026-08-13 23:55:24
480260,6,TIGER 27-04회사채(A+이상)액티브,53770,3,0,0.0,53751.0,0.5986,0,0,4404,2026-08-13 23:55:24
447770,7,TIGER 테슬라채권혼합Fn,13540,3,0,0.0,13559.0,-8.4063,0,0,4333,2026-08-13 23:55:24
451060,1,1Q 200액티브,34330,3,0,0.0,34470.0,-13.0195,0,0,4326,2026-08-13 23:55:24
474220,4,TIGER 미국테크TOP10타겟커버드콜,15240,3,0,0.0,15298.0,-5.1977,0,0,4305,2026-08-13 23:55:24
091180,2,KODEX 자동차,30200,3,0,0.0,30253.0,-23.0607,0,0,4288,2026-08-13 23:55:24
477050,6,PLUS 머니마켓액티브,53450,3,0,0.0,53446.0,0.868,0,0,4257,2026-08-13 23:55:24
0016X0,6,SOL 중단기회사채(A-이상)액티브,51440,3,0,0.0,51443.0,0.8429,0,0,4199,2026-08-13 23:55:24
148070,6,KIWOOM 국고채10년,104710,3,0,0.0,104733.0,-0.6924,0,0,4123,2026-08-13 23:55:24
0167Z0,4,KODEX 미국우주항공,9080,3,0,0.0,9108.0,-25.8253,0,0,4118,2026-08-13 23:55:24
0060H0,1,TIGER 토탈월드스탁액티브,13185,3,0,0.0,13222.0,0.0138,0,0,4074,2026-08-13 23:55:24
0131V0,4,1Q 미국우주항공테크,12430,3,0,0.0,12492.0,-13.9495,0,0,4071,2026-08-13 23:55:24
469070,2,RISE AI&로봇,12110,3,0,0.0,12132.0,-26.9602,0,0,4051,2026-08-13 23:55:24
462900,2,KoAct 바이오헬스케어액티브,15330,3,0,0.0,15347.0,-21.6659,0,0,4047,2026-08-13 23:55:24
426020,4,TIME 미국S&P500액티브,33150,3,0,0.0,33128.0,-3.6618,0,0,4038,2026-08-13 23:55:24
241180,4,TIGER 일본니케이225,36645,3,0,0.0,36782.0,1.5659,0,0,4024,2026-08-13 23:55:24
451000,6,PLUS 종합채권(AA-이상)액티브,106970,3,0,0.0,106937.0,-1.5599,0,0,3991,2026-08-13 23:55:24
439870,6,KODEX 국고채30년액티브,85455,3,0,0.0,85487.0,-11.2802,0,0,3945,2026-08-13 23:55:24
0080G0,2,KODEX 방산TOP10,11600,3,0,0.0,11658.0,-15.031,0,0,3898,2026-08-13 23:55:24
385720,1,TIME 코스피액티브,25095,3,0,0.0,25199.0,-15.986,0,0,3865,2026-08-13 23:55:24
0043Y0,4,TIME 차이나AI테크액티브,21695,3,0,0.0,21695.0,-1.5207,0,0,3862,2026-08-13 23:55:24
458250,6,TIGER 미국30년국채스트립액티브(합성 H),34285,3,0,0.0,34294.0,-5.2639,0,0,3852,2026-08-13 23:55:24
471990,2,KODEX AI반도체핵심장비,23195,3,0,0.0,23295.0,-30.0508,0,0,3792,2026-08-13 23:55:24
484880,2,SOL 금융지주플러스고배당,22265,3,0,0.0,22418.0,4.7433,0,0,3718,2026-08-13 23:55:24
496020,6,WON 전단채플러스액티브,52375,3,0,0.0,52383.0,0.9152,0,0,3712,2026-08-13 23:55:24
453810,4,KODEX 인도Nifty50,12165,3,0,0.0,12285.0,-0.8945,0,0,3601,2026-08-13 23:55:24
0040Y0,7,SOL 팔란티어커버드콜OTM채권혼합,8175,3,0,0.0,8185.0,1.2125,0,0,3572,2026-08-13 23:55:24
0144L0,4,KODEX 미국성장커버드콜액티브,9945,3,0,0.0,9969.0,-3.2577,0,0,3570,2026-08-13 23:55:24
448300,4,TIGER 미국나스닥100(H),23155,3,0,0.0,23129.0,1.5428,0,0,3543,2026-08-13 23:55:24
476760,6,ACE 미국30년국채액티브,9160,3,0,0.0,9139.0,-7.1104,0,0,3517,2026-08-13 23:55:24
0026S0,4,1Q 미국S&P500,13335,3,0,0.0,13378.0,-0.3763,0,0,3507,2026-08-13 23:55:24
439860,6,KODEX ESG종합채권(A-이상)액티브,113600,3,0,0.0,113638.0,0.2559,0,0,3506,2026-08-13 23:55:24
310960,1,TIGER 200TR,62570,3,0,0.0,62805.0,-12.6057,0,0,3504,2026-08-13 23:55:24
474590,2,WON 반도체밸류체인액티브,43285,3,0,0.0,43379.0,-7.9239,0,0,3484,2026-08-13 23:55:24
132030,5,KODEX 골드선물(H),24600,3,0,0.0,24615.0,-7.8652,0,0,3469,2026-08-13 23:55:24
0052D0,2,TIGER 코리아배당다우존스,15650,3,0,0.0,15689.0,-3.0299,0,0,3466,2026-08-13 23:55:24
385550,6,RISE 단기채권알파액티브,113985,3,0,0.0,113982.0,0.6934,0,0,3450,2026-08-13 23:55:24
456880,7,ACE 미국달러SOFR금리(합성),12445,3,0,0.0,12496.0,-4.0108,0,0,3432,2026-08-13 23:55:24
0046A0,6,TIGER 미국초단기(3개월이하)국채,9815,3,0,0.0,9852.0,-4.1079,0,0,3427,2026-08-13 23:55:24
0182R0,2,1Q K반도체TOP2+,10490,3,0,0.0,10545.0,-27.0769,0,0,3414,2026-08-13 23:55:24
472170,7,TIGER 미국테크TOP10채권혼합,14085,3,0,0.0,14087.0,-3.4613,0,0,3394,2026-08-13 23:55:24
270810,1,RISE 코스닥150,14740,3,0,0.0,14748.0,-24.0011,0,0,3387,2026-08-13 23:55:24
279530,2,KODEX 고배당주,17410,3,0,0.0,17487.0,-5.2399,0,0,3378,2026-08-13 23:55:24
442570,7,RISE TDF2050액티브 적격,17930,3,0,0.0,17771.0,-1.3019,0,0,3326,2026-08-13 23:55:24
385510,2,KODEX 신재생에너지액티브,39295,3,0,0.0,39449.0,-30.0365,0,0,3301,2026-08-13 23:55:24
0052S0,7,1Q 미국S&P500미국채혼합50액티브,11935,3,0,0.0,11941.0,-2.1595,0,0,3294,2026-08-13 23:55:24
448630,7,RISE 삼성그룹Top3채권혼합,15170,3,0,0.0,15256.0,-0.4267,0,0,3231,2026-08-13 23:55:24
483320,4,ACE 엔비디아밸류체인액티브,26080,3,0,0.0,25945.0,-0.4771,0,0,3195,2026-08-13 23:55:24
475300,2,SOL 반도체전공정,21490,3,0,0.0,21620.0,-11.9624,0,0,3148,2026-08-13 23:55:24
0210A0,2,ACE K반도체TOP2+,7165,3,0,0.0,7191.0,,0,0,3145,2026-08-13 23:55:24
0111P0,7,1Q 미국나스닥100미국채혼합50액티브,11135,3,0,0.0,11138.0,-3.4978,0,0,3107,2026-08-13 23:55:24
485540,4,KODEX 미국AI테크TOP10,15620,3,0,0.0,15665.0,-6.8713,0,0,3085,2026-08-13 23:55:24
0008S0,4,TIGER 미국배당다우존스타겟데일리커버드콜,10205,3,0,0.0,10251.0,3.0717,0,0,3036,2026-08-13 23:55:24
0038A0,4,KODEX 미국휴머노이드로봇,15890,3,0,0.0,15933.0,-13.2526,0,0,3035,2026-08-13 23:55:24
453870,4,TIGER 인도니프티50,11955,3,0,0.0,12075.0,-1.1171,0,0,2995,2026-08-13 23:55:24
433330,4,SOL 미국S&P500,22805,3,0,0.0,22851.0,-0.2858,0,0,2987,2026-08-13 23:55:24
364970,2,TIGER 바이오TOP10,7910,3,0,0.0,7921.0,3.6697,0,0,2946,2026-08-13 23:55:24
190620,6,ACE 단기통안채,101880,3,0,0.0,101881.0,0.652,0,0,2938,2026-08-13 23:55:24
481190,4,SOL 미국테크TOP10,17170,3,0,0.0,17215.0,-7.2394,0,0,2902,2026-08-13 23:55:24
489030,2,PLUS 고배당주위클리커버드콜,6395,3,0,0.0,6385.0,-11.3742,0,0,2897,2026-08-13 23:55:24
441680,7,TIGER 미국나스닥100커버드콜(합성),10980,3,0,0.0,11075.0,-2.1892,0,0,2888,2026-08-13 23:55:24
454780,6,KIWOOM 종합채권(AA-이상)액티브,99135,3,0,0.0,99305.0,-1.9873,0,0,2884,2026-08-13 23:55:24
473330,6,SOL 미국30년국채커버드콜(합성),8230,3,0,0.0,8268.0,-6.782,0,0,2872,2026-08-13 23:55:24
461490,7,RISE 글로벌자산배분액티브,14840,3,0,0.0,14868.0,-2.4327,0,0,2872,2026-08-13 23:55:24
421320,2,PLUS 우주항공,30900,3,0,0.0,31019.0,-33.4196,0,0,2858,2026-08-13 23:55:24
091170,2,KODEX 은행,16000,3,0,0.0,16069.0,7.5532,0,0,2848,2026-08-13 23:55:24
475080,7,KODEX 테슬라커버드콜채권혼합액티브,7830,3,0,0.0,7837.0,-7.0712,0,0,2846,2026-08-13 23:55:24
0162Y0,1,TIME 코스닥액티브,7800,3,0,0.0,7782.0,-30.8204,0,0,2804,2026-08-13 23:55:24
273140,6,KODEX 단기변동금리부채권액티브,114525,3,0,0.0,114542.0,0.5596,0,0,2802,2026-08-13 23:55:24
307520,2,TIGER 지주회사,21960,3,0,0.0,22030.0,-15.291,0,0,2789,2026-08-13 23:55:24
478150,4,TIME 글로벌우주테크&방산액티브,21690,3,0,0.0,21648.0,-6.6897,0,0,2776,2026-08-13 23:55:24
0094K0,6,TIGER 28-04 회사채(A+이상)액티브,99590,3,0,0.0,99650.0,0.662,0,0,2772,2026-08-13 23:55:24
136340,6,RISE 중기우량회사채,104300,3,0,0.0,104355.0,0.5388,0,0,2769,2026-08-13 23:55:24
0053L0,4,TIGER 차이나휴머노이드로봇,10600,3,0,0.0,10449.0,-22.3628,0,0,2745,2026-08-13 23:55:24
471040,4,KoAct 글로벌AI&로봇액티브,30140,3,0,0.0,30051.0,-13.2038,0,0,2728,2026-08-13 23:55:24
123320,3,TIGER 레버리지,108885,3,0,0.0,109439.0,-36.3414,0,0,2722,2026-08-13 23:55:24
483340,4,ACE 구글밸류체인액티브,23720,3,0,0.0,23699.0,-5.1011,0,0,2716,2026-08-13 23:55:24
0098F0,2,KODEX 원자력SMR,15435,3,0,0.0,15517.0,-29.0834,0,0,2693,2026-08-13 23:55:24
471780,2,TIGER 코리아테크액티브,35055,3,0,0.0,34905.0,-13.4338,0,0,2678,2026-08-13 23:55:24
213610,2,KODEX 삼성그룹밸류,22440,3,0,0.0,22580.0,-0.708,0,0,2670,2026-08-13 23:55:24
283580,4,KODEX 차이나CSI300,15960,3,0,0.0,15905.0,-8.7314,0,0,2657,2026-08-13 23:55:24
139230,2,TIGER 200 중공업,13500,3,0,0.0,13637.0,-30.1558,0,0,2654,2026-08-13 23:55:24
497880,6,SOL CD금리&머니마켓액티브,50105,3,0,0.0,50109.0,0.8726,0,0,2644,2026-08-13 23:55:24
409820,4,KODEX 미국나스닥100레버리지(합성 H),20460,3,0,0.0,20379.0,1.037,0,0,2639,2026-08-13 23:55:24
423170,4,SOL 글로벌AI반도체탑픽액티브,58180,3,0,0.0,58136.0,-5.4599,0,0,2630,2026-08-13 23:55:24
196230,6,RISE 단기통안채,116745,3,0,0.0,116818.0,0.5642,0,0,2621,2026-08-13 23:55:24
228790,2,TIGER 화장품,4470,3,0,0.0,4474.0,15.0579,0,0,2598,2026-08-13 23:55:24
0119H0,6,KODEX 28-12 회사채(AA-이상)액티브,9940,3,0,0.0,9926.0,0.7092,0,0,2596,2026-08-13 23:55:24
472920,6,HK 종합채권(AA-이상)액티브,97750,3,0,0.0,97764.0,-1.5163,0,0,2521,2026-08-13 23:55:24
486450,4,SOL 미국AI전력인프라,21625,3,0,0.0,21427.0,-16.2309,0,0,2509,2026-08-13 23:55:24
493810,4,TIGER 미국AI빅테크10타겟데일리커버드콜,11760,3,0,0.0,11790.0,-4.7722,0,0,2499,2026-08-13 23:55:24
495230,1,KoAct 코리아밸류업액티브,30735,3,0,0.0,30956.0,-16.8966,0,0,2490,2026-08-13 23:55:24
245710,4,ACE 베트남VN30(합성),29350,3,0,0.0,29659.0,-8.7518,0,0,2465,2026-08-13 23:55:24
363580,2,KODEX 200IT TR,55395,3,0,0.0,55530.0,-6.2374,0,0,2437,2026-08-13 23:55:24
388420,2,RISE 비메모리반도체액티브,27095,3,0,0.0,26992.0,-22.4058,0,0,2417,2026-08-13 23:55:24
157500,2,TIGER 증권,13160,3,0,0.0,13232.0,-31.7969,0,0,2392,2026-08-13 23:55:24
448540,7,ACE 엔비디아채권혼합,26870,3,0,0.0,26834.0,-0.8305,0,0,2391,2026-08-13 23:55:24
472160,4,TIGER 미국테크TOP10 INDXX(H),18770,3,0,0.0,18750.0,-3.3471,0,0,2384,2026-08-13 23:55:24
442320,4,RISE 글로벌원자력,37700,3,0,0.0,37548.0,-23.0112,0,0,2371,2026-08-13 23:55:24
0183V0,7,KIWOOM 삼성전자&SK하이닉스채권혼합50,11560,3,0,0.0,11563.0,-2.7136,0,0,2370,2026-08-13 23:55:24
498270,4,KIWOOM 미국양자컴퓨팅,15875,3,0,0.0,15963.0,-1.6006,0,0,2365,2026-08-13 23:55:24
244580,2,KODEX 바이오,9035,3,0,0.0,9053.0,-20.6412,0,0,2356,2026-08-13 23:55:24
414780,4,TIGER 차이나과창판STAR50(합성),15010,3,0,0.0,14960.0,-5.923,0,0,2349,2026-08-13 23:55:24
329650,7,KODEX TRF3070,14210,3,0,0.0,14245.0,-1.2123,0,0,2345,2026-08-13 23:55:24
261260,7,KODEX 미국달러선물인버스2X,5055,3,0,0.0,5043.0,9.2972,0,0,2344,2026-08-13 23:55:24
463050,2,TIME K바이오액티브,13790,3,0,0.0,13884.0,-18.0143,0,0,2337,2026-08-13 23:55:24
0182S0,7,1Q K반도체TOP2채권혼합50,12175,3,0,0.0,12209.0,-4.734,0,0,2332,2026-08-13 23:55:24
363570,6,KODEX 장기종합채권(AA-이상)액티브,86000,3,0,0.0,85833.0,-4.4392,0,0,2331,2026-08-13 23:55:24
437080,6,KODEX 미국종합채권ESG액티브(H),97220,3,0,0.0,97248.0,-0.6213,0,0,2309,2026-08-13 23:55:24
488980,6,SOL 26-12 회사채(AA-이상)액티브,52050,3,0,0.0,52057.0,0.6867,0,0,2304,2026-08-13 23:55:24
0092C0,6,SOL 27-12 회사채(AA-이상)액티브,50235,3,0,0.0,50222.0,0.7218,0,0,2270,2026-08-13 23:55:24
458260,6,TIGER 미국투자등급회사채액티브(H),46450,3,0,0.0,46388.0,-1.2145,0,0,2267,2026-08-13 23:55:24
466930,2,SOL 자동차TOP3플러스,27330,3,0,0.0,27511.0,-14.1377,0,0,2255,2026-08-13 23:55:24
305080,6,TIGER 미국채10년선물,12640,3,0,0.0,12703.0,-5.566,0,0,2237,2026-08-13 23:55:24
452360,4,SOL 미국배당다우존스(H),13445,3,0,0.0,13418.0,8.6151,0,0,2218,2026-08-13 23:55:24
0094M0,2,RISE 코리아밸류업위클리고정커버드콜,17605,3,0,0.0,17670.0,-11.6586,0,0,2218,2026-08-13 23:55:24
0151S0,4,KODEX 미국AI반도체TOP3플러스,15970,3,0,0.0,16165.0,-2.6129,0,0,2196,2026-08-13 23:55:24
0104N0,2,TIGER 200타겟위클리커버드콜,20800,3,0,0.0,20780.0,-12.342,0,0,2184,2026-08-13 23:55:24
302450,1,RISE 코스피,70125,3,0,0.0,70591.0,-13.6064,0,0,2174,2026-08-13 23:55:24
490090,4,TIGER 미국AI빅테크10,16365,3,0,0.0,16411.0,-4.3263,0,0,2168,2026-08-13 23:55:24
495060,1,TIME 코리아밸류업액티브,28680,3,0,0.0,28727.0,-17.4439,0,0,2151,2026-08-13 23:55:24
0204D0,2,KODEX 현대차로보틱스밸류체인TOP3플러스,6760,3,0,0.0,6770.0,,0,0,2136,2026-08-13 23:55:24
433500,2,ACE 원자력TOP10,54645,3,0,0.0,54779.0,-34.447,0,0,2131,2026-08-13 23:55:24
0089D0,2,KODEX 금융고배당TOP10,13145,3,0,0.0,13188.0,1.4026,0,0,2129,2026-08-13 23:55:24
422420,2,RISE 2차전지액티브,6585,3,0,0.0,6613.0,-35.0567,0,0,2111,2026-08-13 23:55:24
394670,4,TIGER 글로벌리튬&2차전지SOLACTIVE(합성),11735,3,0,0.0,11818.0,-19.2917,0,0,2079,2026-08-13 23:55:24
0115D0,2,KODEX 조선TOP10,8175,3,0,0.0,8180.0,-27.009,0,0,2076,2026-08-13 23:55:24
0047A0,4,TIGER 차이나테크TOP10,13660,3,0,0.0,13607.0,-9.4765,0,0,2076,2026-08-13 23:55:24
266160,2,RISE 고배당,32435,3,0,0.0,32530.0,-9.2968,0,0,2076,2026-08-13 23:55:24
267770,3,TIGER 200선물레버리지,82700,3,0,0.0,83187.0,-36.8438,0,0,2068,2026-08-13 23:55:24
0228G0,2,ACE 반도체Plus전략산업,10295,3,0,0.0,10337.0,,0,0,2059,2026-08-13 23:55:24
332930,1,HANARO 200TR,140740,3,0,0.0,141357.0,-12.2405,0,0,2041,2026-08-13 23:55:24
480040,4,ACE 미국반도체데일리타겟커버드콜(합성),15700,3,0,0.0,15692.0,-9.4469,0,0,2010,2026-08-13 23:55:24
0005A0,4,KODEX 미국S&P500데일리커버드콜OTM,9840,3,0,0.0,9876.0,-0.8516,0,0,1968,2026-08-13 23:55:24
233160,3,TIGER 코스닥150 레버리지,8640,3,0,0.0,8680.0,-51.1727,0,0,1961,2026-08-13 23:55:24
0069M0,4,1Q 미국나스닥100,14000,3,0,0.0,14028.0,-2.9139,0,0,1946,2026-08-13 23:55:24
117700,2,KODEX 건설,6740,3,0,0.0,6770.0,-22.3936,0,0,1934,2026-08-13 23:55:24
429000,4,TIGER 미국S&P500배당귀족,13985,3,0,0.0,14026.0,4.6884,0,0,1930,2026-08-13 23:55:24
0192Z0,6,TIGER 중기종합채권(A-이상)액티브,100955,3,0,0.0,100941.0,,0,0,1928,2026-08-13 23:55:24
495550,1,SOL 코리아밸류업TR,32935,3,0,0.0,32868.0,-12.6972,0,0,1927,2026-08-13 23:55:24
302190,6,TIGER 중장기국채,50150,3,0,0.0,50145.0,0.0199,0,0,1926,2026-08-13 23:55:24
0091C0,6,KODEX 미국10년국채액티브(H),9575,3,0,0.0,9590.0,-1.1295,0,0,1906,2026-08-13 23:55:24
433980,7,KODEX TDF2040액티브 적격,16275,3,0,0.0,16206.0,-0.6507,0,0,1904,2026-08-13 23:55:24
0082V0,7,KODEX TDF2060액티브 적격,11690,3,0,0.0,11574.0,-4.0838,0,0,1888,2026-08-13 23:55:24
122090,1,PLUS 코스피50,80105,3,0,0.0,80587.0,-12.5755,0,0,1850,2026-08-13 23:55:24
473460,4,KODEX 미국서학개미,23695,3,0,0.0,23745.0,-13.382,0,0,1836,2026-08-13 23:55:24
463290,6,1Q 단기금융채액티브,109115,3,0,0.0,109112.0,0.7571,0,0,1803,2026-08-13 23:55:24
0040X0,7,SOL 팔란티어미국채커버드콜혼합,9695,3,0,0.0,9756.0,3.9434,0,0,1794,2026-08-13 23:55:24
200250,4,KIWOOM 인도Nifty50(합성),22355,3,0,0.0,22531.0,-0.7768,0,0,1766,2026-08-13 23:55:24
0093A0,2,RISE AI반도체TOP10,31680,3,0,0.0,31849.0,-22.7977,0,0,1758,2026-08-13 23:55:24
0180V0,4,ACE 미국우주테크액티브,9390,3,0,0.0,9343.0,-24.4266,0,0,1756,2026-08-13 23:55:24
483290,4,KODEX 미국배당다우존스타겟커버드콜,10565,3,0,0.0,10619.0,3.3428,0,0,1754,2026-08-13 23:55:24
0051G0,4,SOL 미국원자력SMR,14270,3,0,0.0,14264.0,-16.6472,0,0,1748,2026-08-13 23:55:24
0005G0,2,IBK K-AI반도체코어테크,49900,3,0,0.0,50127.0,-5.5836,0,0,1722,2026-08-13 23:55:24
472870,6,RISE 미국30년국채엔화노출(합성 H),7075,3,0,0.0,7117.0,-9.0528,0,0,1716,2026-08-13 23:55:24
490600,4,RISE 미국배당100데일리고정커버드콜,9310,3,0,0.0,9350.0,3.7745,0,0,1713,2026-08-13 23:55:24
494330,2,ACE 라이프자산주주가치액티브,32615,3,0,0.0,32503.0,6.2984,0,0,1712,2026-08-13 23:55:24
0099L0,6,ACE 우량회사채(AA-이상)액티브,99605,3,0,0.0,99671.0,0.8147,0,0,1712,2026-08-13 23:55:24
412570,2,TIGER 2차전지TOP10레버리지,1180,3,0,0.0,1182.0,-52.8,0,0,1697,2026-08-13 23:55:24
0190G0,2,KODEX 반도체타겟위클리커버드콜,8570,3,0,0.0,8575.0,-20.9816,0,0,1688,2026-08-13 23:55:24
461950,2,KODEX 2차전지핵심소재10,4870,3,0,0.0,4893.0,-34.9378,0,0,1683,2026-08-13 23:55:24
160580,5,TIGER 구리실물,16455,3,0,0.0,16932.0,-7.0339,0,0,1678,2026-08-13 23:55:24
403790,1,MIDAS 코스피액티브,57375,3,0,0.0,57269.0,-11.724,0,0,1678,2026-08-13 23:55:24
480020,4,ACE 미국빅테크7+데일리타겟커버드콜(합성),10735,3,0,0.0,10713.0,-11.4875,0,0,1675,2026-08-13 23:55:24
337160,2,KODEX 200ESG,47585,3,0,0.0,47359.0,-8.6918,0,0,1665,2026-08-13 23:55:24
332500,1,ACE 200TR,72175,3,0,0.0,72428.0,-12.425,0,0,1660,2026-08-13 23:55:24
480030,4,ACE 미국500데일리타겟커버드콜(합성),10315,3,0,0.0,10325.0,-2.2669,0,0,1650,2026-08-13 23:55:24
143860,2,TIGER 헬스케어,40650,3,0,0.0,40750.0,-7.9588,0,0,1642,2026-08-13 23:55:24
237370,7,KODEX 코리아배당성장채권혼합,15750,3,0,0.0,15755.0,-2.37,0,0,1638,2026-08-13 23:55:24
494220,2,UNICORN SK하이닉스밸류체인액티브,46105,3,0,0.0,46418.0,-14.303,0,0,1637,2026-08-13 23:55:24
0048K0,4,KODEX 차이나휴머노이드로봇,9405,3,0,0.0,9300.0,-17.4891,0,0,1604,2026-08-13 23:55:24
272560,6,RISE 단기국공채액티브,114780,3,0,0.0,114789.0,0.6533,0,0,1603,2026-08-13 23:55:24
0064K0,5,KODEX 금액티브,13030,3,0,0.0,13024.0,-11.481,0,0,1601,2026-08-13 23:55:24
491820,2,HANARO 전력설비투자,44445,3,0,0.0,44603.0,-36.6565,0,0,1600,2026-08-13 23:55:24
476450,6,KIWOOM 머니마켓액티브,52700,3,0,0.0,52700.0,0.7648,0,0,1594,2026-08-13 23:55:24
354500,1,ACE 코스닥150,14950,3,0,0.0,14976.0,-23.9573,0,0,1585,2026-08-13 23:55:24
491610,6,1Q CD금리액티브(합성),104705,3,0,0.0,104693.0,0.7311,0,0,1553,2026-08-13 23:55:24
464240,6,KIWOOM 26-09회사채(AA-이상)액티브,52375,3,0,0.0,52353.0,0.7967,0,0,1545,2026-08-13 23:55:24
0104H0,7,KoAct 미국나스닥채권혼합50액티브,12110,3,0,0.0,12096.0,-6.7745,0,0,1532,2026-08-13 23:55:24
0127M0,4,ACE 미국대형가치주액티브,12695,3,0,0.0,12743.0,5.2919,0,0,1517,2026-08-13 23:55:24
152870,1,파워 200,108240,3,0,0.0,108665.0,-12.3755,0,0,1515,2026-08-13 23:55:24
0151P0,2,RISE 코리아전략산업액티브,14830,3,0,0.0,14881.0,-21.251,0,0,1513,2026-08-13 23:55:24
219480,4,KODEX 미국S&P500선물(H),33425,3,0,0.0,33456.0,3.9011,0,0,1504,2026-08-13 23:55:24
0153K0,2,KODEX 주주환원고배당주,12100,3,0,0.0,12134.0,2.1402,0,0,1500,2026-08-13 23:55:24
457990,2,PLUS 태양광&ESS,38730,3,0,0.0,38861.0,-21.1363,0,0,1491,2026-08-13 23:55:24
245340,4,TIGER 미국다우존스30,37135,3,0,0.0,37273.0,3.2521,0,0,1485,2026-08-13 23:55:24
458210,7,KIWOOM CD금리액티브(합성),110460,3,0,0.0,110409.0,0.7433,0,0,1483,2026-08-13 23:55:24
138520,2,TIGER 삼성그룹,36630,3,0,0.0,36508.0,-0.2451,0,0,1473,2026-08-13 23:55:24
486830,6,HANARO 머니마켓액티브,53205,3,0,0.0,53213.0,0.8052,0,0,1468,2026-08-13 23:55:24
481180,4,SOL 미국AI소프트웨어,16520,3,0,0.0,16648.0,25.4842,0,0,1446,2026-08-13 23:55:24
0005D0,2,SOL 전고체배터리&실리콘음극재,14500,3,0,0.0,14543.0,-35.9965,0,0,1443,2026-08-13 23:55:24
0041E0,4,KODEX 미국S&P500액티브,16850,3,0,0.0,16866.0,-4.2784,0,0,1432,2026-08-13 23:55:24
0168K0,2,TIGER 기술이전바이오액티브,6855,3,0,0.0,6880.0,-22.279,0,0,1421,2026-08-13 23:55:24
451530,6,TIGER 국고채30년스트립액티브,33910,3,0,0.0,34120.0,-20.1178,0,0,1388,2026-08-13 23:55:24
192090,4,TIGER 차이나CSI300,13055,3,0,0.0,13029.0,-9.654,0,0,1384,2026-08-13 23:55:24
0176E0,4,RISE 미국AI전력인프라액티브,11030,3,0,0.0,10939.0,-15.4466,0,0,1368,2026-08-13 23:55:24
0074K0,2,KoAct K수출핵심기업TOP30액티브,17750,3,0,0.0,17807.0,-13.3724,0,0,1367,2026-08-13 23:55:24
0123G0,4,TIGER 미국AI전력SMR,7055,3,0,0.0,7014.0,-18.8148,0,0,1358,2026-08-13 23:55:24
304660,6,KODEX 미국30년국채울트라선물(H),7245,3,0,0.0,7256.0,-2.0946,0,0,1348,2026-08-13 23:55:24
0131W0,6,1Q 단기특수은행채액티브,102000,3,0,0.0,101999.0,0.7059,0,0,1344,2026-08-13 23:55:24
0184L0,6,PLUS 중기종합채권(A-이상)액티브,100615,3,0,0.0,100620.0,0.7257,0,0,1343,2026-08-13 23:55:24
251340,3,KODEX 코스닥150선물인버스,2310,3,0,0.0,2311.0,13.7931,0,0,1340,2026-08-13 23:55:24
495330,1,1Q 코리아밸류업,31060,3,0,0.0,32010.0,-15.1571,0,0,1336,2026-08-13 23:55:24
476030,4,SOL 미국나스닥100,17740,3,0,0.0,17768.0,-2.681,0,0,1331,2026-08-13 23:55:24
271050,5,KODEX WTI원유선물인버스(H),2065,3,0,0.0,2067.0,6.0061,0,0,1330,2026-08-13 23:55:24
463680,4,KODEX 미국S&P500테크놀로지,23390,3,0,0.0,23227.0,3.2041,0,0,1322,2026-08-13 23:55:24
139220,2,TIGER 200 건설,7595,3,0,0.0,7642.0,-22.5,0,0,1311,2026-08-13 23:55:24
411420,4,KODEX 미국나스닥AI테크액티브,27670,3,0,0.0,27608.0,-6.9421,0,0,1300,2026-08-13 23:55:24
488720,7,WON 종합채권(AA-이상)액티브,48480,3,0,0.0,48505.0,-1.3331,0,0,1297,2026-08-13 23:55:24
325010,2,KODEX 성장주,43200,3,0,0.0,43081.0,-13.4789,0,0,1296,2026-08-13 23:55:24
182480,7,TIGER 미국MSCI리츠(합성 H),13725,3,0,0.0,13917.0,1.1116,0,0,1290,2026-08-13 23:55:24
471760,2,TIGER AI반도체핵심공정,14255,3,0,0.0,14347.0,-37.1196,0,0,1283,2026-08-13 23:55:24
0193G0,1,KoAct 코스피액티브,8425,3,0,0.0,8377.0,,0,0,1272,2026-08-13 23:55:24
377990,2,TIGER Fn신재생에너지,25390,3,0,0.0,25420.0,-30.539,0,0,1270,2026-08-13 23:55:24
0199C0,2,ACE 고배당주Plus커버드콜액티브,9265,3,0,0.0,9291.0,,0,0,1260,2026-08-13 23:55:24
0181B0,4,HANARO 미국AI메모리반도체TOP4+,10120,3,0,0.0,10090.0,-1.7476,0,0,1260,2026-08-13 23:55:24
114820,6,TIGER 국채3년,105140,3,0,0.0,105187.0,0.5643,0,0,1251,2026-08-13 23:55:24
447620,7,SOL 미국TOP5채권혼합50,16005,3,0,0.0,16030.0,-1.4774,0,0,1248,2026-08-13 23:55:24
0080Y0,2,SOL 조선TOP3플러스레버리지,9825,3,0,0.0,9851.0,-54.0781,0,0,1248,2026-08-13 23:55:24
367770,2,RISE 수소경제테마,23690,3,0,0.0,23814.0,-26.894,0,0,1244,2026-08-13 23:55:24
448100,1,WON 200,110400,3,0,0.0,110728.0,-12.4881,0,0,1242,2026-08-13 23:55:24
464310,4,TIGER 글로벌AI&로보틱스 INDXX,14910,3,0,0.0,14962.0,-13.5903,0,0,1238,2026-08-13 23:55:24
0000Y0,6,HK 26-12 회사채(AA-이상)액티브,101745,3,0,0.0,101737.0,0.6628,0,0,1231,2026-08-13 23:55:24
0092B0,2,SOL 한국원자력SMR,15150,3,0,0.0,15211.0,-30.2487,0,0,1227,2026-08-13 23:55:24
372330,4,KODEX 차이나항셍테크,7435,3,0,0.0,7441.0,-9.5076,0,0,1227,2026-08-13 23:55:24
399110,4,SOL 미국S&P500ESG,21870,3,0,0.0,21832.0,1.2344,0,0,1225,2026-08-13 23:55:24
464930,4,TIGER 글로벌혁신블루칩TOP10,21900,3,0,0.0,21998.0,-0.4546,0,0,1215,2026-08-13 23:55:24
0191W0,6,HANARO 중기종합채권(A-이상)액티브,100910,3,0,0.0,100921.0,,0,0,1211,2026-08-13 23:55:24
488500,4,TIGER 미국S&P500동일가중,13210,3,0,0.0,13252.0,3.1499,0,0,1189,2026-08-13 23:55:24
328370,1,PLUS 코스피TR,38290,3,0,0.0,38320.0,-13.4201,0,0,1187,2026-08-13 23:55:24
309230,4,ACE 미국WideMoat동일가중,32145,3,0,0.0,32340.0,6.7979,0,0,1183,2026-08-13 23:55:24
0000J0,2,PLUS 한화그룹주,29710,3,0,0.0,29843.0,-22.5294,0,0,1159,2026-08-13 23:55:24
0174B0,7,KoAct 글로벌AI메모리반도체액티브,14650,3,0,0.0,14593.0,-2.3008,0,0,1150,2026-08-13 23:55:24
304940,4,KODEX 미국나스닥100선물(H),32805,3,0,0.0,32734.0,1.2656,0,0,1148,2026-08-13 23:55:24
469170,2,ACE 포스코그룹포커스,5705,3,0,0.0,5710.0,-30.8599,0,0,1144,2026-08-13 23:55:24
0177X0,2,ACE K휴머노이드로봇산업TOP2+,10350,3,0,0.0,10345.0,-33.2259,0,0,1144,2026-08-13 23:55:24
332940,1,HANARO MSCI Korea TR,47615,3,0,0.0,47925.0,-11.979,0,0,1143,2026-08-13 23:55:24
0122W0,6,RISE 26-11 회사채(AA-이상)액티브,50925,3,0,0.0,50932.0,0.6422,0,0,1138,2026-08-13 23:55:24
319640,4,TIGER 골드선물(H),25805,3,0,0.0,25846.0,-8.2652,0,0,1135,2026-08-13 23:55:24
0036R0,4,RISE 미국휴머노이드로봇,20250,3,0,0.0,20317.0,-7.9943,0,0,1134,2026-08-13 23:55:24
0135Y0,6,IBK 중기종합채권(AA-이상)액티브,100450,3,0,0.0,100466.0,0.5455,0,0,1132,2026-08-13 23:55:24
491230,6,PLUS 국공채머니마켓액티브,52445,3,0,0.0,52430.0,0.7976,0,0,1128,2026-08-13 23:55:24
498180,6,파워 종합채권(AA-이상)액티브,93005,3,0,0.0,93075.0,-1.6341,0,0,1126,2026-08-13 23:55:24
266370,2,KODEX IT,66240,3,0,0.0,66652.0,-11.2065,0,0,1126,2026-08-13 23:55:24
326240,2,RISE IT플러스,43950,3,0,0.0,44058.0,-10.0308,0,0,1125,2026-08-13 23:55:24
168580,4,ACE 중국본토CSI300,35875,3,0,0.0,36003.0,-9.5665,0,0,1119,2026-08-13 23:55:24
394660,4,TIGER 글로벌자율주행&전기차SOLACTIVE,16795,3,0,0.0,16985.0,-15.7512,0,0,1102,2026-08-13 23:55:24
465610,4,ACE 미국빅테크TOP7 Plus레버리지(합성),45885,3,0,0.0,46322.0,-5.1963,0,0,1101,2026-08-13 23:55:24
0209D0,2,KODEX 전고체배터리ESS TOP2플러스,8015,3,0,0.0,8053.0,,0,0,1094,2026-08-13 23:55:24
0052T0,6,1Q 중단기회사채(A-이상)액티브,50660,3,0,0.0,50663.0,0.7557,0,0,1081,2026-08-13 23:55:24
455860,2,SOL 2차전지소부장Fn,4520,3,0,0.0,4534.0,-34.8704,0,0,1074,2026-08-13 23:55:24
0221V0,6,IBK 초단기채권액티브,100285,3,0,0.0,100286.0,,0,0,1072,2026-08-13 23:55:24
0132K0,7,PLUS 테슬라위클리커버드콜채권혼합,7965,3,0,0.0,7958.0,-6.4783,0,0,1071,2026-08-13 23:55:24
449770,4,KIWOOM 미국S&P500,21795,3,0,0.0,21895.0,-0.5646,0,0,1068,2026-08-13 23:55:24
438570,6,SOL 국고채10년,98350,3,0,0.0,98354.0,-0.7068,0,0,1066,2026-08-13 23:55:24
0193M0,6,BNK 27-12 특수채(AAA이상)액티브,50380,3,0,0.0,50351.0,,0,0,1065,2026-08-13 23:55:24
261270,7,KODEX 미국달러선물인버스,7875,3,0,0.0,7863.0,5.0,0,0,1064,2026-08-13 23:55:24
0085P0,6,ACE 미국10년국채액티브,10110,3,0,0.0,10093.0,-5.2525,0,0,1062,2026-08-13 23:55:24
0091M0,6,HANARO 27-06 회사채(AA-이상)액티브,10145,3,0,0.0,10149.0,0.6448,0,0,1058,2026-08-13 23:55:24
0142D0,4,TIGER 미국AI데이터센터TOP4Plus,11845,3,0,0.0,11925.0,-9.4419,0,0,1054,2026-08-13 23:55:24
496090,1,KIWOOM 코리아밸류업,32195,3,0,0.0,32158.0,-12.8619,0,0,1046,2026-08-13 23:55:24
475280,6,ACE 8월만기자동연장회사채AA-이상액티브,10720,3,0,0.0,10721.0,0.7992,0,0,1032,2026-08-13 23:55:24
465780,6,마이티 26-09 특수채(AAA)액티브,106275,3,0,0.0,106287.0,0.6868,0,0,1023,2026-08-13 23:55:24
0138Y0,7,PLUS 금채권혼합,9935,3,0,0.0,9999.0,-5.5609,0,0,1018,2026-08-13 23:55:24
203780,4,TIGER 미국나스닥바이오,35455,3,0,0.0,35510.0,8.7576,0,0,1007,2026-08-13 23:55:24
114100,6,RISE 국고채3년,106660,3,0,0.0,106713.0,0.5794,0,0,1005,2026-08-13 23:55:24
481430,6,RISE 국고채10년액티브,98395,3,0,0.0,98371.0,-0.6413,0,0,1005,2026-08-13 23:55:24
204480,4,TIGER 차이나CSI300레버리지(합성),27000,3,0,0.0,27109.0,-21.2943,0,0,1004,2026-08-13 23:55:24
0035T0,7,PLUS 글로벌휴머노이드로봇액티브,20825,3,0,0.0,20836.0,-18.4293,0,0,1000,2026-08-13 23:55:24
476850,1,KoAct 배당성장액티브,21230,3,0,0.0,21264.0,-10.6578,0,0,998,2026-08-13 23:55:24
475050,2,ACE KPOP포커스,6760,3,0,0.0,6744.0,-21.94,0,0,973,2026-08-13 23:55:24
0007N0,1,아이엠에셋 200,107890,3,0,0.0,108161.0,-12.1637,0,0,971,2026-08-13 23:55:24
0137V0,4,KIWOOM 미국S&P500모멘텀,12020,3,0,0.0,12042.0,-1.4257,0,0,968,2026-08-13 23:55:24
308620,6,KODEX 미국10년국채선물,11880,3,0,0.0,11936.0,-5.3387,0,0,962,2026-08-13 23:55:24
461500,6,HANARO 종합채권(AA-이상)액티브,104605,3,0,0.0,104673.0,-1.6501,0,0,960,2026-08-13 23:55:24
485690,4,RISE 미국AI밸류체인TOP3Plus,22770,3,0,0.0,22775.0,-2.3587,0,0,956,2026-08-13 23:55:24
468380,6,KODEX iShares미국하이일드액티브,11295,3,0,0.0,11278.0,-3.3901,0,0,951,2026-08-13 23:55:24
195980,4,PLUS 신흥국MSCI(합성 H),15135,3,0,0.0,15245.0,0.3647,0,0,950,2026-08-13 23:55:24
479620,4,SOL 미국AI반도체칩메이커,26605,3,0,0.0,26577.0,-4.178,0,0,944,2026-08-13 23:55:24
473440,6,ACE 11월만기자동연장회사채AA-이상액티브,10830,3,0,0.0,10836.0,0.6505,0,0,942,2026-08-13 23:55:24
433970,7,KODEX TDF2030액티브 적격,14250,3,0,0.0,14198.0,-0.442,0,0,941,2026-08-13 23:55:24
486240,2,DAISHIN343 AI반도체&인프라액티브,29245,3,0,0.0,29477.0,-13.5787,0,0,936,2026-08-13 23:55:24
211900,2,KODEX 코리아배당성장,28215,3,0,0.0,28419.0,-10.9422,0,0,931,2026-08-13 23:55:24
454320,2,HANARO CAPEX설비투자iSelect,43240,3,0,0.0,43566.0,-28.0293,0,0,930,2026-08-13 23:55:24
143850,4,TIGER 미국S&P500선물(H),78280,3,0,0.0,78226.0,3.6958,0,0,920,2026-08-13 23:55:24
325020,2,KODEX 배당가치,29475,3,0,0.0,29580.0,-5.3401,0,0,914,2026-08-13 23:55:24
269540,4,PLUS 미국S&P500(H),30385,3,0,0.0,30343.0,3.3327,0,0,912,2026-08-13 23:55:24
0162L0,4,KODEX 차이나AI반도체TOP10,14240,3,0,0.0,14021.0,-5.8733,0,0,911,2026-08-13 23:55:24
444490,4,WON 미국S&P500,20940,3,0,0.0,20981.0,-0.3806,0,0,911,2026-08-13 23:55:24
329670,7,KODEX TRF7030,22585,3,0,0.0,22585.0,-0.1578,0,0,903,2026-08-13 23:55:24
298770,4,KODEX 한국대만IT프리미어,82080,3,0,0.0,82143.0,-0.4285,0,0,903,2026-08-13 23:55:24
453080,4,KIWOOM 미국나스닥100(H),23150,3,0,0.0,23108.0,1.2988,0,0,903,2026-08-13 23:55:24
0008T0,2,SOL 화장품TOP3플러스,17500,3,0,0.0,17595.0,12.1794,0,0,901,2026-08-13 23:55:24
359210,1,KODEX 코스피TR,35300,3,0,0.0,35352.0,-13.1612,0,0,883,2026-08-13 23:55:24
490480,2,SOL K방산,32070,3,0,0.0,32043.0,-17.3667,0,0,882,2026-08-13 23:55:24
108450,2,ACE 삼성그룹섹터가중,39945,3,0,0.0,40167.0,-3.2223,0,0,879,2026-08-13 23:55:24
460960,7,ACE 글로벌인컴TOP10,11440,3,0,0.0,11453.0,-2.9328,0,0,875,2026-08-13 23:55:24
495040,1,PLUS 코리아밸류업,31665,3,0,0.0,31898.0,-13.8004,0,0,871,2026-08-13 23:55:24
0066W0,5,SOL 국제금,13135,3,0,0.0,13317.0,-11.6381,0,0,860,2026-08-13 23:55:24
329660,7,KODEX TRF5050,18145,3,0,0.0,18183.0,-0.086,0,0,853,2026-08-13 23:55:24
469060,4,RISE 미국반도체NYSE,37360,3,0,0.0,37379.0,-0.3865,0,0,841,2026-08-13 23:55:24
157490,2,TIGER 소프트웨어,8895,3,0,0.0,8934.0,-3.525,0,0,834,2026-08-13 23:55:24
461460,6,PLUS 국고채10년액티브,51440,3,0,0.0,51419.0,-0.7142,0,0,834,2026-08-13 23:55:24
138530,2,TIGER LG그룹플러스,12510,3,0,0.0,12535.0,-3.621,0,0,833,2026-08-13 23:55:24
0017Y0,6,1Q 종합채권(AA-이상)액티브,93625,3,0,0.0,93659.0,-1.6854,0,0,828,2026-08-13 23:55:24
453330,4,RISE 미국S&P500(H),18360,3,0,0.0,18334.0,4.7043,0,0,826,2026-08-13 23:55:24
364960,2,TIGER BBIG,6775,3,0,0.0,6794.0,-11.322,0,0,823,2026-08-13 23:55:24
0057H0,7,PLUS 미국S&P500미국채혼합50액티브,12025,3,0,0.0,12025.0,-2.1178,0,0,818,2026-08-13 23:55:24
0049M0,4,ACE 미국배당퀄리티+커버드콜액티브,11635,3,0,0.0,11671.0,-0.3243,0,0,803,2026-08-13 23:55:24
0018C0,2,PLUS 고배당주위클리고정커버드콜,10590,3,0,0.0,10582.0,-10.5538,0,0,800,2026-08-13 23:55:24
412770,4,TIGER 글로벌AI플랫폼액티브,13090,3,0,0.0,13010.0,-9.6307,0,0,797,2026-08-13 23:55:24
337140,2,KODEX 코스피대형주,35820,3,0,0.0,36051.0,-13.2843,0,0,788,2026-08-13 23:55:24
492500,7,1Q 현대차그룹채권(A+이상)&국고통안,51280,3,0,0.0,51317.0,0.4407,0,0,780,2026-08-13 23:55:24
0080X0,7,SOL 미국S&P500미국채혼합50,11305,3,0,0.0,11324.0,-3.171,0,0,780,2026-08-13 23:55:24
495750,1,HANARO 코리아밸류업,31825,3,0,0.0,32100.0,-12.7403,0,0,780,2026-08-13 23:55:24
458030,6,WON 국공채머니마켓액티브,54980,3,0,0.0,54976.0,0.7236,0,0,780,2026-08-13 23:55:24
0098N0,2,PLUS 자사주매입고배당주,12750,3,0,0.0,12803.0,-0.9053,0,0,778,2026-08-13 23:55:24
210780,2,TIGER 코스피고배당,23140,3,0,0.0,23203.0,-8.3034,0,0,764,2026-08-13 23:55:24
0225V0,4,KODEX 미국CPU반도체TOP10,10900,3,0,0.0,10890.0,,0,0,763,2026-08-13 23:55:24
292190,1,KODEX KRX300,47385,3,0,0.0,47638.0,-13.5698,0,0,758,2026-08-13 23:55:24
438560,6,SOL 국고채3년,100510,3,0,0.0,100507.0,0.7114,0,0,758,2026-08-13 23:55:24
228810,2,TIGER 미디어컨텐츠,3200,3,0,0.0,3213.0,-25.0586,0,0,757,2026-08-13 23:55:24
434960,1,DAISHIN343 K200,108090,3,0,0.0,108405.0,-12.4108,0,0,757,2026-08-13 23:55:24
365040,1,TIGER AI코리아그로스액티브,36000,3,0,0.0,36023.0,-10.8911,0,0,756,2026-08-13 23:55:24
0113D0,4,TIME 글로벌탑픽액티브,12420,3,0,0.0,12439.0,-0.7195,0,0,751,2026-08-13 23:55:24
441540,2,HANARO Fn조선해운,27720,3,0,0.0,27662.0,-21.7944,0,0,748,2026-08-13 23:55:24
266420,2,KODEX 헬스케어,18625,3,0,0.0,18502.0,-7.1999,0,0,745,2026-08-13 23:55:24
211560,2,TIGER 배당성장,35370,3,0,0.0,35570.0,-10.4155,0,0,743,2026-08-13 23:55:24
0190Y0,4,TIGER 구글밸류체인,9305,3,0,0.0,9335.0,-8.3157,0,0,735,2026-08-13 23:55:24
272910,6,ACE 중장기국공채액티브,106155,3,0,0.0,106195.0,0.3924,0,0,730,2026-08-13 23:55:24
130730,6,KIWOOM 단기자금,102930,3,0,0.0,102925.0,0.6995,0,0,721,2026-08-13 23:55:24
0102A0,4,TIGER 미국AI소프트웨어TOP4Plus,8540,3,0,0.0,8583.0,6.0869,0,0,717,2026-08-13 23:55:24
0197X0,2,SOL SK하이닉스선물단일종목인버스2X,8540,3,0,0.0,8587.0,,0,0,713,2026-08-13 23:55:24
475310,2,SOL 반도체후공정,25800,3,0,0.0,25918.0,-29.7386,0,0,710,2026-08-13 23:55:24
0022T0,4,SOL 국제금커버드콜액티브,13530,3,0,0.0,13709.0,-11.3046,0,0,704,2026-08-13 23:55:24
475350,4,RISE 버크셔포트폴리오TOP10,14915,3,0,0.0,14977.0,1.8798,0,0,701,2026-08-13 23:55:24
453950,4,TIGER TSMC파운드리밸류체인,35455,3,0,0.0,35671.0,2.1757,0,0,691,2026-08-13 23:55:24
0181L0,4,SOL 미국우주항공TOP10,8430,3,0,0.0,8458.0,-25.9878,0,0,691,2026-08-13 23:55:24
0098Z0,1,FOCUS 200,91630,3,0,0.0,91965.0,-12.5051,0,0,687,2026-08-13 23:55:24
458750,4,TIGER 미국배당다우존스타겟커버드콜1호,13310,3,0,0.0,13381.0,3.0814,0,0,685,2026-08-13 23:55:24
0115E0,2,KODEX 코리아소버린AI,14860,3,0,0.0,14923.0,-6.9313,0,0,684,2026-08-13 23:55:24
440640,6,ACE 단기채권알파액티브,112530,3,0,0.0,112535.0,0.7972,0,0,680,2026-08-13 23:55:24
433880,7,PLUS TDF2060액티브 적격,19150,3,0,0.0,19081.0,-2.0858,0,0,676,2026-08-13 23:55:24
277640,2,TIGER 코스피대형주,37100,3,0,0.0,37271.0,-12.9949,0,0,668,2026-08-13 23:55:24
100910,1,KIWOOM KRX100,17100,3,0,0.0,17020.0,-11.5342,0,0,667,2026-08-13 23:55:24
228800,2,TIGER 여행레저,2570,3,0,0.0,2578.0,-18.7994,0,0,664,2026-08-13 23:55:24
473640,4,HANARO 글로벌금채굴기업,33470,3,0,0.0,33813.0,-10.7824,0,0,653,2026-08-13 23:55:24
0040S0,4,HANARO 글로벌피지컬AI액티브,25070,3,0,0.0,25047.0,-10.3683,0,0,652,2026-08-13 23:55:24
278620,6,PLUS 단기채권액티브,118935,3,0,0.0,118942.0,0.7496,0,0,652,2026-08-13 23:55:24
0036D0,4,TIME 미국배당다우존스액티브,13020,3,0,0.0,13153.0,2.3637,0,0,651,2026-08-13 23:55:24
491700,1,HK 200,108210,3,0,0.0,108549.0,-12.1851,0,0,649,2026-08-13 23:55:24
261070,2,TIGER 코스닥150바이오테크,13915,3,0,0.0,13929.0,-18.0266,0,0,646,2026-08-13 23:55:24
0000D0,7,TIGER 엔비디아미국채커버드콜밸런스(합성),9375,3,0,0.0,9439.0,-6.0571,0,0,642,2026-08-13 23:55:24
278240,3,RISE 코스닥150선물레버리지,8795,3,0,0.0,8864.0,-51.3013,0,0,641,2026-08-13 23:55:24
0123S0,2,HANARO 26-12 은행채(AA+이상)액티브,10190,3,0,0.0,10178.0,0.7414,0,0,637,2026-08-13 23:55:24
495940,4,RISE 미국AI테크액티브,20200,3,0,0.0,20209.0,-9.724,0,0,636,2026-08-13 23:55:24
465330,2,RISE 2차전지TOP10,11015,3,0,0.0,11050.0,-27.2217,0,0,631,2026-08-13 23:55:24
455660,6,ACE 미국하이일드액티브(H),9475,3,0,0.0,9473.0,0.7402,0,0,625,2026-08-13 23:55:24
419890,6,KIWOOM 단기채권ESG액티브,107490,3,0,0.0,107498.0,0.646,0,0,623,2026-08-13 23:55:24
440910,4,WON 미국우주항공방산,28310,3,0,0.0,28403.0,5.3199,0,0,623,2026-08-13 23:55:24
453640,4,KODEX 미국S&P500헬스케어,14400,3,0,0.0,14488.0,10.0462,0,0,619,2026-08-13 23:55:24
479730,4,TIGER 인도빌리언컨슈머,10465,3,0,0.0,10581.0,4.7416,0,0,617,2026-08-13 23:55:24
306950,3,KODEX KRX300레버리지,76380,3,0,0.0,76348.0,-38.3038,0,0,611,2026-08-13 23:55:24
476750,6,ACE 미국30년국채엔화노출액티브(H),7610,3,0,0.0,7592.0,-8.7438,0,0,609,2026-08-13 23:55:24
0111J0,2,HANARO 증권고배당TOP3플러스,13380,3,0,0.0,13377.0,-28.6719,0,0,609,2026-08-13 23:55:24
252400,3,RISE 200선물레버리지,100405,3,0,0.0,100762.0,-36.6291,0,0,602,2026-08-13 23:55:24
0000Z0,2,RISE 바이오TOP10액티브,9950,3,0,0.0,9951.0,-29.1563,0,0,602,2026-08-13 23:55:24
0210E0,2,PLUS 200커버드콜액티브,7380,3,0,0.0,7433.0,,0,0,598,2026-08-13 23:55:24
275980,4,TIGER 글로벌4차산업혁신기술(합성 H),23500,3,0,0.0,23901.0,0.4702,0,0,597,2026-08-13 23:55:24
261240,7,KODEX 미국달러선물,14630,3,0,0.0,14678.0,-4.0656,0,0,594,2026-08-13 23:55:24
0089C0,4,KODEX 미국S&P500변동성확대시커버드콜,11780,3,0,0.0,11898.0,-1.0507,0,0,589,2026-08-13 23:55:24
0194M0,2,ACE 삼성전자단일종목레버리지,11725,3,0,0.0,11834.0,,0,0,583,2026-08-13 23:55:24
401470,2,KODEX 메타버스액티브,9800,3,0,0.0,9878.0,-1.1599,0,0,583,2026-08-13 23:55:24
0166S0,2,PLUS K제조업핵심기업액티브,10835,3,0,0.0,10899.0,-23.1561,0,0,580,2026-08-13 23:55:24
0172V0,5,1Q 은액티브,8715,3,0,0.0,8764.0,-28.3306,0,0,580,2026-08-13 23:55:24
150460,2,TIGER 중국소비테마,7590,3,0,0.0,7622.0,-2.4422,0,0,578,2026-08-13 23:55:24
298340,6,PLUS 국채선물3년,56535,3,0,0.0,56500.0,0.8563,0,0,577,2026-08-13 23:55:24
0141S0,2,SOL 조선기자재,8785,3,0,0.0,8821.0,-32.8364,0,0,575,2026-08-13 23:55:24
491220,1,PLUS 200TR,127525,3,0,0.0,127912.0,-12.4743,0,0,574,2026-08-13 23:55:24
455960,6,RISE 미국달러SOFR금리액티브(합성),12430,3,0,0.0,12426.0,-3.7926,0,0,569,2026-08-13 23:55:24
428510,4,KODEX 차이나AI테크액티브,25810,3,0,0.0,25799.0,-8.7155,0,0,568,2026-08-13 23:55:24
225040,4,TIGER 미국S&P500레버리지(합성 H),69175,3,0,0.0,68977.0,7.8079,0,0,567,2026-08-13 23:55:24
0118Z0,4,ACE 미국AI테크핵심산업액티브,9370,3,0,0.0,9335.0,-10.9316,0,0,567,2026-08-13 23:55:24
0198A0,2,KIWOOM 코스닥150커버드콜액티브,9370,3,0,0.0,9352.0,,0,0,567,2026-08-13 23:55:24
0185L0,4,TIME 글로벌휴머노이드로봇산업액티브,8180,3,0,0.0,8179.0,,0,0,560,2026-08-13 23:55:24
0194T0,2,ACE SK하이닉스단일종목레버리지,7840,3,0,0.0,7877.0,,0,0,555,2026-08-13 23:55:24
0046Y0,4,ACE 미국배당퀄리티,13040,3,0,0.0,13057.0,0.2268,0,0,554,2026-08-13 23:55:24
304780,3,HANARO 200선물레버리지,122260,3,0,0.0,122740.0,-36.4256,0,0,550,2026-08-13 23:55:24
480310,4,TIGER 글로벌온디바이스AI,20125,3,0,0.0,20128.0,-5.61,0,0,543,2026-08-13 23:55:24
385590,2,ACE ESG액티브,23560,3,0,0.0,23719.0,-7.9508,0,0,542,2026-08-13 23:55:24
101280,4,KODEX 일본TOPIX100,31735,3,0,0.0,31818.0,2.0971,0,0,539,2026-08-13 23:55:24
445150,2,KODEX 친환경조선해운액티브,29080,3,0,0.0,29195.0,-26.4954,0,0,538,2026-08-13 23:55:24
0118S0,4,SOL 미국넥스트테크TOP10액티브,11660,3,0,0.0,11643.0,-15.0765,0,0,536,2026-08-13 23:55:24
0197W0,2,SOL SK하이닉스단일종목레버리지,7710,3,0,0.0,7725.0,,0,0,536,2026-08-13 23:55:24
0113P0,6,HK 머니마켓액티브,102290,3,0,0.0,102289.0,0.7634,0,0,530,2026-08-13 23:55:24
114470,6,KIWOOM 국고채3년,108100,3,0,0.0,108084.0,0.632,0,0,530,2026-08-13 23:55:24
0132H0,4,KODEX 미국원자력SMR,9115,3,0,0.0,9117.0,-21.4563,0,0,524,2026-08-13 23:55:24
442560,7,RISE TDF2040액티브 적격,16765,3,0,0.0,16670.0,-1.2521,0,0,520,2026-08-13 23:55:24
282000,3,RISE 국고채3년선물인버스,114390,3,0,0.0,114415.0,0.1356,0,0,515,2026-08-13 23:55:24
256750,4,KODEX 차이나심천ChiNext(합성),16805,3,0,0.0,16655.0,-14.1727,0,0,514,2026-08-13 23:55:24
261220,5,KODEX WTI원유선물(H),23100,3,0,0.0,23007.0,-12.0168,0,0,514,2026-08-13 23:55:24
0226A0,7,PLUS SK하이닉스샌디스크채권혼합50,10275,3,0,0.0,10275.0,,0,0,514,2026-08-13 23:55:24
0020H0,4,KoAct 글로벌양자컴퓨팅액티브,23865,3,0,0.0,23799.0,-9.2068,0,0,513,2026-08-13 23:55:24
200030,4,KODEX 미국S&P500산업재(합성),45250,3,0,0.0,45695.0,0.7346,0,0,510,2026-08-13 23:55:24
0041D0,4,KODEX 미국AI소프트웨어TOP10,13415,3,0,0.0,13474.0,8.0596,0,0,510,2026-08-13 23:55:24
336160,6,RISE 금융채액티브,100410,3,0,0.0,100444.0,0.5344,0,0,508,2026-08-13 23:55:24
275300,2,KODEX 우량주,29805,3,0,0.0,30006.0,-10.6376,0,0,507,2026-08-13 23:55:24
418670,4,TIGER 글로벌AI사이버보안,18350,3,0,0.0,18382.0,33.9905,0,0,506,2026-08-13 23:55:24
475260,6,ACE 2월만기자동연장회사채AA-이상액티브,10735,3,0,0.0,10734.0,0.562,0,0,506,2026-08-13 23:55:24
123310,3,TIGER 인버스,1155,3,0,0.0,1151.0,-5.2503,0,0,504,2026-08-13 23:55:24
253150,3,PLUS 200선물레버리지,200545,3,0,0.0,201527.0,-36.6647,0,0,501,2026-08-13 23:55:24
0139P0,2,ACE 고배당주,13480,3,0,0.0,13554.0,-5.691,0,0,499,2026-08-13 23:55:24
371470,4,TIGER 차이나바이오테크SOLACTIVE,9060,3,0,0.0,9060.0,5.3488,0,0,496,2026-08-13 23:55:24
218420,4,KODEX 미국S&P500에너지(합성),20180,3,0,0.0,20262.0,2.3326,0,0,495,2026-08-13 23:55:24
287180,4,PLUS 미국나스닥테크,57480,3,0,0.0,57699.0,4.528,0,0,489,2026-08-13 23:55:24
316670,1,KIWOOM 코스닥150,7395,3,0,0.0,7401.0,-24.1539,0,0,488,2026-08-13 23:55:24
152500,3,ACE 레버리지,44280,3,0,0.0,44524.0,-36.7113,0,0,487,2026-08-13 23:55:24
476260,2,HANARO 반도체핵심공정주도주,12945,3,0,0.0,12954.0,-12.6224,0,0,485,2026-08-13 23:55:24
494840,4,TIGER 미국방산TOP10,14270,3,0,0.0,14308.0,4.8775,0,0,485,2026-08-13 23:55:24
276990,4,KODEX 글로벌로봇(합성),27360,3,0,0.0,27570.0,-7.9098,0,0,484,2026-08-13 23:55:24
140700,2,KODEX 보험,19350,3,0,0.0,19411.0,16.3485,0,0,484,2026-08-13 23:55:24
461340,4,HANARO 글로벌생성형AI액티브,43790,3,0,0.0,43579.0,-4.5554,0,0,482,2026-08-13 23:55:24
447430,2,ACE 주주환원가치주액티브,16180,3,0,0.0,16209.0,-7.3941,0,0,477,2026-08-13 23:55:24
0178H0,7,IBK 미국AI TOP10국채혼합50,10080,3,0,0.0,10048.0,-1.2666,0,0,474,2026-08-13 23:55:24
0220B0,1,DS 코스닥액티브,10380,3,0,0.0,10389.0,,0,0,472,2026-08-13 23:55:24
196030,4,ACE 일본TOPIX레버리지(H),94455,3,0,0.0,94170.0,13.3097,0,0,472,2026-08-13 23:55:24
140950,1,파워 코스피100,84090,3,0,0.0,84489.0,-12.3425,0,0,471,2026-08-13 23:55:24
473490,4,KIWOOM 글로벌AI반도체,31245,3,0,0.0,31254.0,-4.1241,0,0,469,2026-08-13 23:55:24
360140,2,KODEX 200롱코스닥150숏선물,21255,3,0,0.0,21234.0,9.7882,0,0,468,2026-08-13 23:55:24
0086B0,2,TIGER 리츠부동산인프라TOP10액티브,9540,3,0,0.0,9552.0,-5.9367,0,0,467,2026-08-13 23:55:24
442260,1,마이티 다이나믹퀀트액티브,37580,3,0,0.0,37434.0,-12.8479,0,0,466,2026-08-13 23:55:24
401170,2,RISE 메타버스,11560,3,0,0.0,11529.0,10.7279,0,0,458,2026-08-13 23:55:24
472830,6,RISE 미국30년국채커버드콜(합성),8165,3,0,0.0,8180.0,-7.0854,0,0,453,2026-08-13 23:55:24
453650,4,KODEX 미국S&P500금융,20110,3,0,0.0,20176.0,7.3422,0,0,452,2026-08-13 23:55:24
442090,2,에셋플러스 코리아대장장이액티브,30110,3,0,0.0,29932.0,-13.9592,0,0,452,2026-08-13 23:55:24
0100K0,2,KODEX 방산TOP10레버리지,8040,3,0,0.0,8123.0,-39.5489,0,0,450,2026-08-13 23:55:24
475270,6,ACE 5월만기자동연장회사채AA-이상액티브,10710,3,0,0.0,10719.0,0.5633,0,0,447,2026-08-13 23:55:24
238720,4,ACE 일본Nikkei225(H),49550,3,0,0.0,49696.0,7.9991,0,0,446,2026-08-13 23:55:24
375770,2,KODEX 탄소효율그린뉴딜,24495,3,0,0.0,24697.0,-11.5817,0,0,441,2026-08-13 23:55:24
0186S0,7,1Q 코스닥150채권혼합50액티브,8585,3,0,0.0,8602.0,-11.8028,0,0,438,2026-08-13 23:55:24
0207G0,2,SOL 우주항공밸류체인,7480,3,0,0.0,7490.0,,0,0,434,2026-08-13 23:55:24
487130,2,KoAct AI인프라액티브,27960,3,0,0.0,28112.0,-23.6483,0,0,433,2026-08-13 23:55:24
440650,6,ACE 미국달러단기채권액티브,11905,3,0,0.0,11896.0,-3.9145,0,0,429,2026-08-13 23:55:24
0007G0,4,PLUS 글로벌원자력밸류체인,14265,3,0,0.0,14331.0,-15.5668,0,0,428,2026-08-13 23:55:24
429760,4,PLUS 미국S&P500,20295,3,0,0.0,20364.0,-0.2405,0,0,426,2026-08-13 23:55:24
473590,4,ACE 미국주식베스트셀러,19350,3,0,0.0,19277.0,-23.0311,0,0,426,2026-08-13 23:55:24
305050,1,ACE 코스피,70875,3,0,0.0,70762.0,-13.0048,0,0,425,2026-08-13 23:55:24
139280,2,TIGER 경기방어,12855,3,0,0.0,12910.0,-1.788,0,0,422,2026-08-13 23:55:24
261120,7,TIGER 미국달러선물인버스2X,5015,3,0,0.0,5002.0,9.4978,0,0,421,2026-08-13 23:55:24
0191M0,6,마이티 5월만기자동연장특수채(AAA)액티브,100625,3,0,0.0,100636.0,,0,0,417,2026-08-13 23:55:24
0189B0,5,TIGER 은액티브,8380,3,0,0.0,8346.0,-28.0996,0,0,415,2026-08-13 23:55:24
0141T0,6,SOL 중기종합채권(AA-이상)액티브,50315,3,0,0.0,50306.0,0.7105,0,0,415,2026-08-13 23:55:24
448570,1,FOCUS AI코리아액티브,30520,3,0,0.0,30651.0,-7.6272,0,0,412,2026-08-13 23:55:24
464470,6,PLUS 미국채30년액티브,49225,3,0,0.0,49086.0,-7.0057,0,0,406,2026-08-13 23:55:24
139320,5,TIGER 금은선물(H),18320,3,0,0.0,18443.0,-10.5251,0,0,403,2026-08-13 23:55:24
472840,1,IBK 200,107190,3,0,0.0,107129.0,-12.0953,0,0,402,2026-08-13 23:55:24
365000,2,TIGER 인터넷TOP10,3935,3,0,0.0,3932.0,-16.0981,0,0,401,2026-08-13 23:55:24
183700,7,RISE 200채권혼합50,95455,3,0,0.0,95464.0,-6.3416,0,0,401,2026-08-13 23:55:24
147970,2,TIGER 모멘텀,82300,3,0,0.0,82402.0,-15.5898,0,0,395,2026-08-13 23:55:24
400970,2,TIGER Fn메타버스,7715,3,0,0.0,7753.0,-12.578,0,0,393,2026-08-13 23:55:24
475070,4,KoAct 글로벌친환경전력인프라액티브,32545,3,0,0.0,32667.0,-21.4079,0,0,391,2026-08-13 23:55:24
322410,2,HANARO K고배당,22845,3,0,0.0,22929.0,-5.2842,0,0,388,2026-08-13 23:55:24
0209Z0,2,ACE 코리아AI전력TOP10,7250,3,0,0.0,7300.0,,0,0,388,2026-08-13 23:55:24
491830,4,TIGER 미국AI반도체팹리스,22800,3,0,0.0,22834.0,0.1172,0,0,388,2026-08-13 23:55:24
195930,4,TIGER 유로스탁스50(합성 H),24175,3,0,0.0,24048.0,12.8354,0,0,387,2026-08-13 23:55:24
352540,7,KODEX 일본부동산리츠(H),11370,3,0,0.0,11396.0,-0.0878,0,0,387,2026-08-13 23:55:24
437070,6,KODEX 아시아달러채권ESG플러스액티브,60885,3,0,0.0,61040.0,-5.346,0,0,385,2026-08-13 23:55:24
275280,2,KODEX 모멘텀주,42520,3,0,0.0,42311.0,-12.3851,0,0,383,2026-08-13 23:55:24
0192L0,2,RISE SK하이닉스단일종목레버리지,7955,3,0,0.0,8032.0,,0,0,380,2026-08-13 23:55:24
456680,4,TIGER 차이나전기차레버리지(합성),7260,3,0,0.0,7277.0,-41.6399,0,0,380,2026-08-13 23:55:24
449690,4,TIGER 한중반도체(합성),50070,3,0,0.0,49601.0,-8.7314,0,0,376,2026-08-13 23:55:24
292560,7,TIGER 일본엔선물,8255,3,0,0.0,8220.0,-5.3326,0,0,371,2026-08-13 23:55:24
450910,1,SOL 코스닥150,14510,3,0,0.0,14521.0,-24.1506,0,0,371,2026-08-13 23:55:24
498860,2,RISE 코리아금융고배당,16810,3,0,0.0,16879.0,-14.9013,0,0,370,2026-08-13 23:55:24
276970,4,KODEX 미국S&P500배당귀족커버드콜(합성 H),7835,3,0,0.0,7942.0,9.1593,0,0,368,2026-08-13 23:55:24
452250,6,ACE 미국30년국채선물레버리지(합성 H),4715,3,0,0.0,4741.0,-6.5412,0,0,365,2026-08-13 23:55:24
469050,4,RISE 미국반도체NYSE(H),33085,3,0,0.0,32923.0,4.4802,0,0,364,2026-08-13 23:55:24
0112X0,1,마이티 200TR,40320,3,0,0.0,40461.0,-12.6895,0,0,363,2026-08-13 23:55:24
292770,6,KODEX 국채선물3년인버스,57555,3,0,0.0,57573.0,0.2089,0,0,363,2026-08-13 23:55:24
0154F0,2,WON 초대형IB&금융지주,12250,3,0,0.0,12312.0,-12.4688,0,0,361,2026-08-13 23:55:24
0085N0,6,ACE 미국10년국채액티브(H),9765,3,0,0.0,9750.0,-0.7147,0,0,361,2026-08-13 23:55:24
381560,2,HANARO Fn전기&수소차,18000,3,0,0.0,18080.0,-11.8627,0,0,360,2026-08-13 23:55:24
104530,2,KIWOOM 코리아고배당,17560,3,0,0.0,17627.0,-13.0059,0,0,360,2026-08-13 23:55:24
465660,4,TIGER 일본반도체FACTSET,26500,3,0,0.0,26804.0,0.8016,0,0,358,2026-08-13 23:55:24
322400,2,HANARO e커머스,10630,3,0,0.0,10680.0,-6.8362,0,0,356,2026-08-13 23:55:24
0023B0,4,PLUS 미국양자컴퓨팅TOP10,17290,3,0,0.0,17400.0,-14.1936,0,0,354,2026-08-13 23:55:24
385520,2,KODEX 자율주행액티브,16470,3,0,0.0,16580.0,-16.6498,0,0,354,2026-08-13 23:55:24
0192M0,2,RISE 삼성전자단일종목레버리지,11880,3,0,0.0,11930.0,,0,0,353,2026-08-13 23:55:24
352560,7,KODEX 미국부동산리츠(H),12395,3,0,0.0,12383.0,0.1115,0,0,353,2026-08-13 23:55:24
276650,4,RISE 글로벌테크놀로지(합성 H),46670,3,0,0.0,46686.0,2.9901,0,0,350,2026-08-13 23:55:24
380340,2,ACE 코리아AI테크핵심산업,29080,3,0,0.0,29162.0,3.9128,0,0,349,2026-08-13 23:55:24
0192T0,2,SOL 코스닥TOP10,7750,3,0,0.0,7750.0,,0,0,349,2026-08-13 23:55:24
153270,1,KIWOOM 코스피100,82865,3,0,0.0,83145.0,-12.2857,0,0,348,2026-08-13 23:55:24
474800,4,KIWOOM 미국원유에너지기업,15720,3,0,0.0,15871.0,0.7196,0,0,346,2026-08-13 23:55:24
174360,4,RISE 중국본토대형주CSI100,24630,3,0,0.0,24550.0,-9.8958,0,0,345,2026-08-13 23:55:24
241390,7,RISE V&S셀렉트밸류채권혼합,15665,3,0,0.0,15794.0,-5.4118,0,0,345,2026-08-13 23:55:24
496770,4,PLUS 글로벌방산,19605,3,0,0.0,19714.0,10.3885,0,0,343,2026-08-13 23:55:24
476690,4,TIGER 글로벌비만치료제TOP2Plus,10890,3,0,0.0,10971.0,3.3462,0,0,343,2026-08-13 23:55:24
415920,5,PLUS 글로벌희토류&전략자원생산기업,7440,3,0,0.0,7418.0,-32.6393,0,0,342,2026-08-13 23:55:24
105780,2,RISE 5대그룹주,17100,3,0,0.0,17034.0,-11.8557,0,0,342,2026-08-13 23:55:24
407830,4,에셋플러스 글로벌플랫폼액티브,14225,3,0,0.0,14248.0,-13.2093,0,0,341,2026-08-13 23:55:24
465350,3,RISE 2차전지TOP10인버스(합성),17030,3,0,0.0,17186.0,19.7609,0,0,341,2026-08-13 23:55:24
446690,4,KODEX 아시아AI반도체exChina액티브,61830,3,0,0.0,61993.0,-8.69,0,0,340,2026-08-13 23:55:24
449780,4,KIWOOM 미국S&P500(H),18865,3,0,0.0,18836.0,3.9971,0,0,340,2026-08-13 23:55:24
295020,6,RISE 국채선물10년인버스,60420,3,0,0.0,60477.0,1.7257,0,0,340,2026-08-13 23:55:24
459560,4,KODEX 테슬라밸류체인FactSet,22570,3,0,0.0,22630.0,-12.6962,0,0,339,2026-08-13 23:55:24
0204S0,1,TIGER 코스닥액티브,7225,3,0,0.0,7196.0,,0,0,338,2026-08-13 23:55:24
099140,4,KODEX 차이나H,21795,3,0,0.0,21901.0,-8.4257,0,0,338,2026-08-13 23:55:24
227540,2,TIGER 200 헬스케어,19850,3,0,0.0,19916.0,0.7614,0,0,337,2026-08-13 23:55:24
468630,6,KODEX iShares미국투자등급회사채액티브,11180,3,0,0.0,11164.0,-5.8161,0,0,337,2026-08-13 23:55:24
0155N0,2,HANARO K휴머노이드테마TOP10,8300,3,0,0.0,8298.0,-27.5426,0,0,336,2026-08-13 23:55:24
266360,2,KODEX K콘텐츠,10415,3,0,0.0,10416.0,-8.3993,0,0,333,2026-08-13 23:55:24
122260,6,KIWOOM 통안채1년,104100,3,0,0.0,104084.0,0.638,0,0,333,2026-08-13 23:55:24
138910,5,KODEX 구리선물(H),10015,3,0,0.0,10016.0,-2.767,0,0,330,2026-08-13 23:55:24
261140,2,TIGER 우선주,24650,3,0,0.0,24549.0,-12.8432,0,0,330,2026-08-13 23:55:24
464920,4,PLUS 일본반도체소부장,26245,3,0,0.0,26511.0,-0.3607,0,0,328,2026-08-13 23:55:24
459750,4,RISE 글로벌주식분산액티브,18625,3,0,0.0,18518.0,0.1728,0,0,326,2026-08-13 23:55:24
494410,4,PLUS 미국S&P500성장주,14800,3,0,0.0,14884.0,-0.9642,0,0,326,2026-08-13 23:55:24
256440,4,ACE MSCI인도네시아(합성),5315,3,0,0.0,5414.0,-15.7019,0,0,324,2026-08-13 23:55:24
0138T0,4,RISE 미국S&P500데일리고정커버드콜,9820,3,0,0.0,9883.0,-1.0434,0,0,324,2026-08-13 23:55:24
0089B0,7,PLUS 미국나스닥100미국채혼합50,11560,3,0,0.0,11605.0,-3.5455,0,0,324,2026-08-13 23:55:24
395170,2,KODEX Top10동일가중,16000,3,0,0.0,15983.0,-20.3677,0,0,320,2026-08-13 23:55:24
415340,4,KODEX 차이나과창판STAR50(합성),15415,3,0,0.0,15241.0,-5.1969,0,0,319,2026-08-13 23:55:24
245350,4,TIGER 유로스탁스배당30,19820,3,0,0.0,19942.0,2.3014,0,0,317,2026-08-13 23:55:24
476070,4,KODEX 글로벌비만치료제TOP2 Plus,11610,3,0,0.0,11703.0,3.7917,0,0,313,2026-08-13 23:55:24
494340,4,ACE 글로벌AI맞춤형반도체,20850,3,0,0.0,20762.0,3.9122,0,0,313,2026-08-13 23:55:24
0155M0,4,ACE 미국SMR원자력TOP10,7525,3,0,0.0,7505.0,-21.41,0,0,312,2026-08-13 23:55:24
0150K0,2,KoAct 수소전력ESS인프라액티브,10745,3,0,0.0,10797.0,-32.1012,0,0,312,2026-08-13 23:55:24
491090,4,KODEX 미국테크TOP3플러스,18300,3,0,0.0,18377.0,-4.1327,0,0,311,2026-08-13 23:55:24
387270,4,TIGER 글로벌이노베이션액티브,25670,3,0,0.0,25673.0,-9.9141,0,0,311,2026-08-13 23:55:24
139270,2,TIGER 200 금융,16655,3,0,0.0,16719.0,0.3554,0,0,310,2026-08-13 23:55:24
395290,2,HANARO Fn K-POP&미디어,4955,3,0,0.0,4982.0,-22.457,0,0,307,2026-08-13 23:55:24
426150,6,WON 대한민국국고채액티브,50915,3,0,0.0,50891.0,-3.5153,0,0,307,2026-08-13 23:55:24
156080,1,KODEX MSCI Korea,50935,3,0,0.0,51261.0,-11.8485,0,0,306,2026-08-13 23:55:24
248270,4,TIGER S&P글로벌헬스케어(합성),26805,3,0,0.0,27093.0,7.0914,0,0,306,2026-08-13 23:55:24
117460,2,KODEX 에너지화학,14060,3,0,0.0,14030.0,-20.4339,0,0,305,2026-08-13 23:55:24
450190,4,KODEX 한중반도체(합성),50820,3,0,0.0,50042.0,-8.2258,0,0,305,2026-08-13 23:55:24
469790,2,KIWOOM 코리아테크TOP10,43435,3,0,0.0,43662.0,-6.3455,0,0,304,2026-08-13 23:55:24
0083S0,4,1Q 미국메디컬AI,10435,3,0,0.0,10465.0,5.0429,0,0,303,2026-08-13 23:55:24
414270,4,ACE 글로벌자율주행액티브,12350,3,0,0.0,12343.0,-15.5845,0,0,303,2026-08-13 23:55:24
0107F0,4,KIWOOM 미국고배당&AI테크,11810,3,0,0.0,11932.0,0.0243,0,0,301,2026-08-13 23:55:24
271060,5,KODEX 3대농산물선물(H),8270,3,0,0.0,8232.0,-4.8332,0,0,300,2026-08-13 23:55:24
275290,2,KODEX 가치주,33345,3,0,0.0,33542.0,-8.8331,0,0,300,2026-08-13 23:55:24
192720,2,파워 고배당저변동성,58140,3,0,0.0,58294.0,-4.2337,0,0,297,2026-08-13 23:55:24
145850,2,TREX 펀더멘탈 200,118380,3,0,0.0,117674.0,-5.2605,0,0,296,2026-08-13 23:55:24
0203S0,7,WON 삼성전자현대차채권혼합50,8800,3,0,0.0,8772.0,,0,0,295,2026-08-13 23:55:24
0166N0,1,PLUS 코스닥150액티브,7705,3,0,0.0,7757.0,-33.5203,0,0,293,2026-08-13 23:55:24
0137W0,4,KIWOOM 미국S&P500&GOLD,10735,3,0,0.0,10816.0,-1.3289,0,0,290,2026-08-13 23:55:24
0164G0,4,RISE 차이나AI반도체TOP4Plus,13760,3,0,0.0,13633.0,-6.7119,0,0,289,2026-08-13 23:55:24
475380,7,RISE 글로벌리얼티인컴,10620,3,0,0.0,10632.0,-7.7202,0,0,287,2026-08-13 23:55:24
253250,3,KIWOOM 200선물레버리지,98820,3,0,0.0,99303.0,-36.3929,0,0,287,2026-08-13 23:55:24
289480,3,TIGER 200커버드콜,12405,3,0,0.0,12497.0,10.5853,0,0,285,2026-08-13 23:55:24
459790,4,KIWOOM 미국성장기업30액티브,21085,3,0,0.0,21056.0,-8.7032,0,0,285,2026-08-13 23:55:24
117680,2,KODEX 철강,12300,3,0,0.0,12317.0,-27.4469,0,0,284,2026-08-13 23:55:24
0184E0,7,1Q 200채권혼합50액티브,10900,3,0,0.0,10924.0,-4.6813,0,0,283,2026-08-13 23:55:24
0223R0,4,TIGER 미국테크NYSE100액티브,9830,3,0,0.0,9802.0,,0,0,282,2026-08-13 23:55:24
223190,2,KODEX 200가치저변동,28170,3,0,0.0,28367.0,-7.2947,0,0,282,2026-08-13 23:55:24
419430,4,KODEX 차이나2차전지MSCI(합성),10015,3,0,0.0,10000.0,-22.274,0,0,280,2026-08-13 23:55:24
489290,4,WON 미국빌리어네어,15550,3,0,0.0,15564.0,-4.893,0,0,280,2026-08-13 23:55:24
261250,7,KODEX 미국달러선물레버리지,16780,3,0,0.0,16856.0,-8.8292,0,0,279,2026-08-13 23:55:24
261060,2,TIGER 코스닥150IT,23910,3,0,0.0,23825.0,-22.2187,0,0,277,2026-08-13 23:55:24
0103T0,2,1Q K소버린AI,9210,3,0,0.0,9228.0,-0.7544,0,0,276,2026-08-13 23:55:24
437350,6,RISE 미국단기투자등급회사채액티브,12540,3,0,0.0,12553.0,-4.3114,0,0,276,2026-08-13 23:55:24
0218J0,7,RISE 미국우주&로봇TOP2미국채혼합50,9170,3,0,0.0,9178.0,,0,0,275,2026-08-13 23:55:24
0047R0,4,RISE 팔란티어고정테크100,15650,3,0,0.0,15726.0,4.5459,0,0,274,2026-08-13 23:55:24
440340,7,TIGER 글로벌멀티에셋TIF액티브,12435,3,0,0.0,12409.0,-2.022,0,0,274,2026-08-13 23:55:24
493420,4,SOL 미국배당다우존스2호,13020,3,0,0.0,13092.0,3.1839,0,0,273,2026-08-13 23:55:24
245360,4,TIGER 차이나HSCEI,12580,3,0,0.0,12648.0,-8.3882,0,0,270,2026-08-13 23:55:24
0013R0,7,RISE 테슬라미국채타겟커버드콜혼합(합성),7930,3,0,0.0,7942.0,-12.5322,0,0,270,2026-08-13 23:55:24
167860,6,KIWOOM 국고채10년레버리지,92460,3,0,0.0,92448.0,-2.1277,0,0,268,2026-08-13 23:55:24
0198B0,2,1Q 삼성전자선물단일종목레버리지,12140,3,0,0.0,12177.0,,0,0,266,2026-08-13 23:55:24
0115C0,4,RISE 미국고배당다우존스TOP10,11290,3,0,0.0,11317.0,2.4955,0,0,265,2026-08-13 23:55:24
0152E0,2,SOL 배당성향탑픽액티브,11050,3,0,0.0,11091.0,-7.4534,0,0,265,2026-08-13 23:55:24
461600,6,SOL 미국30년국채액티브(H),8330,3,0,0.0,8317.0,-2.3447,0,0,262,2026-08-13 23:55:24
0097L0,7,KIWOOM 한국고배당&미국AI테크,12790,3,0,0.0,12820.0,-3.512,0,0,262,2026-08-13 23:55:24
368190,2,HANARO Fn K-뉴딜디지털플러스,8145,3,0,0.0,8199.0,-11.9936,0,0,261,2026-08-13 23:55:24
277540,4,ACE 아시아TOP50,32535,3,0,0.0,32594.0,-4.771,0,0,260,2026-08-13 23:55:24
483570,4,KCGI 미국S&P500 TOP10,16195,3,0,0.0,16214.0,-5.706,0,0,259,2026-08-13 23:55:24
185680,4,KODEX 미국S&P바이오(합성),48075,3,0,0.0,48504.0,11.4265,0,0,256,2026-08-13 23:55:24
0198D0,2,1Q SK하이닉스선물단일종목레버리지,8125,3,0,0.0,8192.0,,0,0,256,2026-08-13 23:55:24
0049K0,7,ACE 미국배당퀄리티채권혼합50,11340,3,0,0.0,11338.0,-0.0907,0,0,255,2026-08-13 23:55:24
479850,2,HANARO K-뷰티,18740,3,0,0.0,18852.0,12.0143,0,0,253,2026-08-13 23:55:24
0206G0,7,1Q 현대차기아채권혼합50,8390,3,0,0.0,8407.0,,0,0,252,2026-08-13 23:55:24
496120,1,ACE 코리아밸류업,33485,3,0,0.0,33415.0,-9.8677,0,0,251,2026-08-13 23:55:24
252710,3,TIGER 200선물인버스2X,88,3,0,0.0,87.0,-23.4783,0,0,251,2026-08-13 23:55:24
0093D0,7,KoAct 팔란티어밸류체인액티브,18560,3,0,0.0,18547.0,-2.6233,0,0,251,2026-08-13 23:55:24
438320,4,TIGER 차이나항셍테크레버리지(합성 H),5655,3,0,0.0,5717.0,-15.5971,0,0,248,2026-08-13 23:55:24
411540,1,SOL 200 Top10,17605,3,0,0.0,17726.0,-15.831,0,0,246,2026-08-13 23:55:24
225130,4,ACE 골드선물 레버리지(합성 H),49040,3,0,0.0,48942.0,-16.3569,0,0,245,2026-08-13 23:55:24
292500,1,SOL KRX300,49010,3,0,0.0,48734.0,-12.1499,0,0,245,2026-08-13 23:55:24
269420,4,KODEX S&P글로벌인프라(합성),23030,3,0,0.0,23203.0,-5.9425,0,0,245,2026-08-13 23:55:24
195970,4,PLUS 선진국MSCI(합성 H),16710,3,0,0.0,16710.0,5.6925,0,0,244,2026-08-13 23:55:24
469160,4,ACE 일본반도체,26990,3,0,0.0,27050.0,-3.4002,0,0,243,2026-08-13 23:55:24
139250,2,TIGER 200 에너지화학,17590,3,0,0.0,17678.0,-14.6724,0,0,243,2026-08-13 23:55:24
481340,6,RISE 미국30년국채액티브,8815,3,0,0.0,8806.0,-7.7546,0,0,242,2026-08-13 23:55:24
461450,1,KODEX 코스닥글로벌,16145,3,0,0.0,16196.0,-17.29,0,0,242,2026-08-13 23:55:24
280930,4,KODEX 미국러셀2000(H),17250,3,0,0.0,17230.0,6.2192,0,0,242,2026-08-13 23:55:24
138230,7,KIWOOM 미국달러선물,16610,3,0,0.0,16644.0,-3.7102,0,0,241,2026-08-13 23:55:24
0144M0,4,KODEX 미국드론UAM TOP10,8445,3,0,0.0,8468.0,-9.4856,0,0,241,2026-08-13 23:55:24
292160,1,TIGER KRX300,47850,3,0,0.0,47839.0,-12.8675,0,0,239,2026-08-13 23:55:24
159800,1,마이티 코스피100,85330,3,0,0.0,85295.0,-11.9811,0,0,239,2026-08-13 23:55:24
0065G0,4,KODEX 차이나테크TOP10,9360,3,0,0.0,9361.0,-12.3234,0,0,239,2026-08-13 23:55:24
464600,2,SOL 자동차소부장Fn,25025,3,0,0.0,24940.0,-6.9184,0,0,238,2026-08-13 23:55:24
388280,2,RISE K엔터&여행레저,7145,3,0,0.0,7113.0,-13.4464,0,0,237,2026-08-13 23:55:24
364690,1,KODEX 혁신기술테마액티브,39420,3,0,0.0,39226.0,-11.2825,0,0,237,2026-08-13 23:55:24
457690,6,KODEX 33-06 국고채액티브,10510,3,0,0.0,10510.0,-0.0951,0,0,236,2026-08-13 23:55:24
289250,2,TIGER MSCI KOREA ESG유니버설,34265,3,0,0.0,34498.0,-10.4848,0,0,236,2026-08-13 23:55:24
477730,4,KODEX 인도타타그룹,7880,3,0,0.0,7927.0,-1.1871,0,0,236,2026-08-13 23:55:24
0127R0,4,RISE 미국AI클라우드인프라,18750,3,0,0.0,18964.0,9.7524,0,0,234,2026-08-13 23:55:24
300950,2,KODEX 게임산업,5705,3,0,0.0,5711.0,-12.9008,0,0,234,2026-08-13 23:55:24
433220,4,에셋플러스 글로벌대장장이액티브,31560,3,0,0.0,31528.0,-10.3282,0,0,234,2026-08-13 23:55:24
0221Z0,2,ACE K바이오코스닥액티브,11610,3,0,0.0,11674.0,,0,0,232,2026-08-13 23:55:24
367740,2,HANARO Fn5G산업,42200,3,0,0.0,42542.0,-6.3679,0,0,232,2026-08-13 23:55:24
204450,4,KODEX 차이나H레버리지(H),2320,3,0,0.0,2326.0,-11.1112,0,0,232,2026-08-13 23:55:24
442550,7,RISE TDF2030액티브 적격,14915,3,0,0.0,14859.0,-1.5725,0,0,231,2026-08-13 23:55:24
0067V0,4,TIGER 차이나글로벌리더스TOP3+,10440,3,0,0.0,10463.0,-11.5255,0,0,230,2026-08-13 23:55:24
0186L0,4,KoAct 미국로봇피지컬AI액티브,9900,3,0,0.0,9865.0,-9.2992,0,0,228,2026-08-13 23:55:24
0047P0,4,RISE 테슬라고정테크100,14625,3,0,0.0,14730.0,-8.4204,0,0,227,2026-08-13 23:55:24
447660,7,PLUS 애플채권혼합,13645,3,0,0.0,13625.0,0.2501,0,0,225,2026-08-13 23:55:24
471460,6,KIWOOM 국고채30년액티브,44860,3,0,0.0,44848.0,-10.2875,0,0,224,2026-08-13 23:55:24
0177A0,2,WON 두산그룹포커스,9130,3,0,0.0,9154.0,-28.7832,0,0,224,2026-08-13 23:55:24
0026E0,4,KODEX 미국S&P500버퍼3월액티브,11955,3,0,0.0,12099.0,-2.4082,0,0,221,2026-08-13 23:55:24
364990,2,TIGER 게임TOP10,4970,3,0,0.0,4995.0,-11.25,0,0,221,2026-08-13 23:55:24
463300,4,RISE 중국본토CSI300,13785,3,0,0.0,13859.0,-8.2158,0,0,221,2026-08-13 23:55:24
0153X0,4,PLUS 미국고배당주액티브,11570,3,0,0.0,11607.0,5.2298,0,0,220,2026-08-13 23:55:24
371450,4,TIGER 글로벌클라우드컴퓨팅INDXX,14075,3,0,0.0,14104.0,19.8892,0,0,220,2026-08-13 23:55:24
376410,2,TIGER 탄소효율그린뉴딜,24355,3,0,0.0,24452.0,-11.0968,0,0,219,2026-08-13 23:55:24
239660,6,PLUS 우량회사채50,121650,3,0,0.0,121638.0,0.6703,0,0,219,2026-08-13 23:55:24
300640,2,RISE 게임테마,6705,3,0,0.0,6677.0,-8.7756,0,0,218,2026-08-13 23:55:24
375760,2,HANARO 탄소효율그린뉴딜,24170,3,0,0.0,24350.0,-11.0727,0,0,218,2026-08-13 23:55:24
0190M0,4,KIWOOM 미국AI테크하이베타,9445,3,0,0.0,9454.0,-10.8121,0,0,217,2026-08-13 23:55:24
304770,1,HANARO 코스닥150,14795,3,0,0.0,14845.0,-24.3223,0,0,216,2026-08-13 23:55:24
253290,7,RISE 헬스케어채권혼합,11925,3,0,0.0,11998.0,-3.0735,0,0,215,2026-08-13 23:55:24
108590,1,TREX 200,106865,3,0,0.0,107303.0,-12.4401,0,0,214,2026-08-13 23:55:24
404260,2,KODEX 기후변화솔루션,23715,3,0,0.0,23859.0,-18.8745,0,0,213,2026-08-13 23:55:24
169950,4,KODEX 차이나A50,26455,3,0,0.0,26700.0,-8.7287,0,0,212,2026-08-13 23:55:24
416090,4,ACE 중국과창판STAR50,14090,3,0,0.0,13756.0,-4.2799,0,0,211,2026-08-13 23:55:24
217770,5,TIGER 원유선물인버스(H),1310,3,0,0.0,1311.0,4.549,0,0,210,2026-08-13 23:55:24
0223A0,2,RISE 코스닥커버드콜액티브,11040,3,0,0.0,11029.0,,0,0,210,2026-08-13 23:55:24
449580,7,RISE 테슬라애플아마존채권혼합,16130,3,0,0.0,16145.0,-8.2434,0,0,210,2026-08-13 23:55:24
489000,6,PLUS 일본엔화초단기국채(합성),9420,3,0,0.0,9449.0,-5.7058,0,0,207,2026-08-13 23:55:24
152380,6,KODEX 국채선물10년,65065,3,0,0.0,64915.0,-0.6869,0,0,207,2026-08-13 23:55:24
417630,2,TIGER KEDI혁신기업ESG30,19695,3,0,0.0,19771.0,-7.2522,0,0,207,2026-08-13 23:55:24
337120,2,KODEX 멀티팩터,34400,3,0,0.0,34231.0,-12.6786,0,0,206,2026-08-13 23:55:24
091220,2,TIGER 은행,16585,3,0,0.0,16693.0,7.0582,0,0,206,2026-08-13 23:55:24
226980,1,KODEX 200 중소형,22775,3,0,0.0,22934.0,-19.2641,0,0,205,2026-08-13 23:55:24
497780,4,KoAct 미국천연가스인프라액티브,10850,3,0,0.0,10932.0,-6.7335,0,0,201,2026-08-13 23:55:24
0104P0,2,TIGER 코리아배당다우존스위클리커버드콜,11150,3,0,0.0,11250.0,-3.3956,0,0,201,2026-08-13 23:55:24
289040,2,KODEX MSCI KOREA ESG유니버설,33320,3,0,0.0,33154.0,-9.3907,0,0,200,2026-08-13 23:55:24
228820,1,TIGER KTOP30,18945,3,0,0.0,19109.0,-8.0788,0,0,199,2026-08-13 23:55:24
407310,1,HANARO 200 TOP10,17250,3,0,0.0,17349.0,-15.7356,0,0,198,2026-08-13 23:55:24
0192S0,7,SOL 코스피200채권혼합50,9415,3,0,0.0,9412.0,,0,0,198,2026-08-13 23:55:24
445910,2,TIGER MKF배당귀족,20740,3,0,0.0,20844.0,-9.0568,0,0,197,2026-08-13 23:55:24
487950,4,KODEX 대만테크고배당다우존스,13420,3,0,0.0,13600.0,2.8844,0,0,195,2026-08-13 23:55:24
0105D0,2,SOL 한국AI소프트웨어,10235,3,0,0.0,10276.0,-3.2152,0,0,194,2026-08-13 23:55:24
0018Z0,4,RISE 미국양자컴퓨팅,19330,3,0,0.0,19385.0,-4.1734,0,0,193,2026-08-13 23:55:24
213630,4,PLUS 미국다우존스고배당주(합성 H),20985,3,0,0.0,21092.0,6.2262,0,0,193,2026-08-13 23:55:24
415760,4,SOL 차이나육성산업액티브(합성),14135,3,0,0.0,14364.0,-5.5463,0,0,192,2026-08-13 23:55:24
0193K0,2,PLUS 삼성전자단일종목레버리지,12805,3,0,0.0,12967.0,,0,0,192,2026-08-13 23:55:24
483330,4,ACE 마이크로소프트밸류체인액티브,15335,3,0,0.0,15330.0,5.4676,0,0,192,2026-08-13 23:55:24
0203R0,6,WON 중단기종합채권(A-이상)액티브,50435,3,0,0.0,50459.0,,0,0,192,2026-08-13 23:55:24
284980,2,RISE 200금융,22270,3,0,0.0,22231.0,1.1217,0,0,192,2026-08-13 23:55:24
461910,4,PLUS 미국테크TOP10레버리지(합성),38200,3,0,0.0,38440.0,-14.5414,0,0,191,2026-08-13 23:55:24
0216Z0,2,ACE K방산TOP5+,9930,3,0,0.0,9916.0,,0,0,189,2026-08-13 23:55:24
229720,1,KODEX KTOP30,37700,3,0,0.0,37871.0,-7.6773,0,0,189,2026-08-13 23:55:24
236350,4,TIGER 인도니프티50레버리지(합성),30240,3,0,0.0,30426.0,-3.6329,0,0,187,2026-08-13 23:55:24
468370,6,KODEX iShares미국인플레이션국채액티브,11005,3,0,0.0,10994.0,-5.6538,0,0,187,2026-08-13 23:55:24
379790,4,RISE 유로스탁스50(H),17780,3,0,0.0,17760.0,11.5831,0,0,187,2026-08-13 23:55:24
304760,1,HANARO KRX300,46590,3,0,0.0,46907.0,-12.9361,0,0,186,2026-08-13 23:55:24
0224X0,7,1Q 엔비디아알파벳미국채혼합50,10050,3,0,0.0,10110.0,,0,0,186,2026-08-13 23:55:24
183710,7,RISE 주식혼합,91770,3,0,0.0,92121.0,-9.4933,0,0,184,2026-08-13 23:55:24
461900,4,PLUS 미국테크TOP10,22870,3,0,0.0,22911.0,-6.4048,0,0,183,2026-08-13 23:55:24
445690,2,BNK 주주가치액티브,30430,3,0,0.0,30301.0,-12.545,0,0,183,2026-08-13 23:55:24
0104G0,2,PLUS K방산레버리지,7450,3,0,0.0,7492.0,-44.4859,0,0,183,2026-08-13 23:55:24
385600,2,ACE 2차전지&친환경차액티브,12110,3,0,0.0,12190.0,-14.8682,0,0,182,2026-08-13 23:55:24
474920,4,에셋플러스 차이나일등기업포커스10액티브,19325,3,0,0.0,19237.0,4.9986,0,0,182,2026-08-13 23:55:24
419650,4,PLUS 글로벌수소&차세대연료전지,5535,3,0,0.0,5556.0,-24.3336,0,0,180,2026-08-13 23:55:24
195920,4,TIGER 일본TOPIX(합성 H),35800,3,0,0.0,36036.0,6.0583,0,0,179,2026-08-13 23:55:24
477490,4,에셋플러스 글로벌일등기업포커스10액티브,19850,3,0,0.0,19902.0,-9.1742,0,0,179,2026-08-13 23:55:24
227830,1,PLUS 코스피,70905,3,0,0.0,70515.0,-12.7037,0,0,177,2026-08-13 23:55:24
404120,2,TIME K신재생에너지액티브,25220,3,0,0.0,25348.0,-18.1833,0,0,177,2026-08-13 23:55:24
494420,2,PLUS 미국배당증가성장주데일리커버드콜,9725,3,0,0.0,9704.0,4.2441,0,0,175,2026-08-13 23:55:24
460660,4,RISE 미국S&P배당킹,12465,3,0,0.0,12516.0,7.4513,0,0,175,2026-08-13 23:55:24
276000,4,TIGER 글로벌자원생산기업(합성 H),20515,3,0,0.0,20419.0,-3.3907,0,0,174,2026-08-13 23:55:24
280320,4,ACE 미국IT인터넷(합성 H),21685,3,0,0.0,21888.0,10.3281,0,0,173,2026-08-13 23:55:24
0086C0,7,TIGER 리츠부동산인프라10채권혼합액티브,9840,3,0,0.0,9834.0,-2.1756,0,0,172,2026-08-13 23:55:24
292050,1,RISE KRX300,49200,3,0,0.0,49004.0,-12.6964,0,0,172,2026-08-13 23:55:24
225060,4,TIGER 이머징마켓MSCI레버리지(합성 H),16150,3,0,0.0,16242.0,-2.3875,0,0,171,2026-08-13 23:55:24
465670,4,TIGER 미국캐시카우100,17100,3,0,0.0,17042.0,12.5847,0,0,171,2026-08-13 23:55:24
289260,2,TIGER MSCI KOREA ESG리더스,28375,3,0,0.0,28567.0,-7.4377,0,0,170,2026-08-13 23:55:24
0207Z0,4,KIWOOM 미국우주데이터센터인프라,7715,3,0,0.0,7774.0,,0,0,170,2026-08-13 23:55:24
332620,6,PLUS 미국장기우량회사채,90690,3,0,0.0,90918.0,-7.1415,0,0,170,2026-08-13 23:55:24
488290,4,MIDAS 일본테크액티브,48140,3,0,0.0,48143.0,-3.207,0,0,168,2026-08-13 23:55:24
391670,1,HK 베스트일레븐액티브,27925,3,0,0.0,28141.0,-11.2083,0,0,168,2026-08-13 23:55:24
250730,4,RISE 차이나HSCEI(H),9790,3,0,0.0,9975.0,-4.9515,0,0,166,2026-08-13 23:55:24
291130,4,ACE MSCI멕시코(합성),18490,3,0,0.0,18817.0,-8.1014,0,0,166,2026-08-13 23:55:24
453630,4,KODEX 미국S&P500필수소비재,12635,3,0,0.0,12780.0,-3.9892,0,0,164,2026-08-13 23:55:24
432840,4,HANARO 미국S&P500,20465,3,0,0.0,20552.0,-0.511,0,0,164,2026-08-13 23:55:24
0090B0,2,PLUS K방산소부장,7430,3,0,0.0,7429.0,-42.0889,0,0,163,2026-08-13 23:55:24
131890,2,ACE 삼성그룹동일가중,40775,3,0,0.0,40981.0,2.2057,0,0,163,2026-08-13 23:55:24
453820,4,KODEX 인도Nifty50레버리지(합성),12450,3,0,0.0,12525.0,-3.0752,0,0,162,2026-08-13 23:55:24
387280,2,TIGER 퓨처모빌리티액티브,11770,3,0,0.0,11802.0,-26.1143,0,0,159,2026-08-13 23:55:24
265690,4,ACE 러시아MSCI(합성),8535,3,0,0.0,48.0,0.0,0,0,158,2026-08-13 23:55:24
219390,4,RISE 미국S&P원유생산기업(합성 H),7770,3,0,0.0,7916.0,4.0857,0,0,155,2026-08-13 23:55:24
266410,2,KODEX 필수소비재,9700,3,0,0.0,9738.0,0.298,0,0,155,2026-08-13 23:55:24
0051A0,4,KoAct 브로드컴밸류체인액티브,25745,3,0,0.0,25697.0,-1.4169,0,0,154,2026-08-13 23:55:24
337150,2,KODEX 200exTOP,25705,3,0,0.0,25925.0,-12.9469,0,0,154,2026-08-13 23:55:24
0220A0,7,KIWOOM 현대차그룹TOP3채권혼합50,9630,3,0,0.0,9641.0,,0,0,154,2026-08-13 23:55:24
413930,2,WON AI ESG액티브,27835,3,0,0.0,27707.0,-12.5099,0,0,153,2026-08-13 23:55:24
0153P0,2,ACE 리츠부동산인프라액티브,9535,3,0,0.0,9524.0,-3.1394,0,0,153,2026-08-13 23:55:24
114460,6,ACE 국고채3년,100775,3,0,0.0,100814.0,0.6127,0,0,151,2026-08-13 23:55:24
102960,2,KODEX 기계장비,14175,3,0,0.0,14053.0,-30.3782,0,0,150,2026-08-13 23:55:24
491510,2,파워 K-주주가치액티브,17630,3,0,0.0,17794.0,-7.5767,0,0,150,2026-08-13 23:55:24
104520,2,KIWOOM 블루칩,14975,3,0,0.0,15022.0,-8.4401,0,0,150,2026-08-13 23:55:24
0013P0,4,RISE 미국은행TOP10,13605,3,0,0.0,13635.0,13.7543,0,0,150,2026-08-13 23:55:24
453010,7,PLUS KOFR금리,109700,3,0,0.0,109698.0,0.6403,0,0,147,2026-08-13 23:55:24
130680,5,TIGER 원유선물Enhanced(H),6780,3,0,0.0,6764.0,-11.3726,0,0,146,2026-08-13 23:55:24
0193L0,2,PLUS 삼성전자선물단일종목인버스2X,9695,3,0,0.0,9667.0,,0,0,145,2026-08-13 23:55:24
396510,4,TIGER 차이나클린에너지SOLACTIVE,7885,3,0,0.0,7870.0,-18.7114,0,0,145,2026-08-13 23:55:24
244620,2,KODEX 모멘텀Plus,20630,3,0,0.0,20609.0,-17.8415,0,0,144,2026-08-13 23:55:24
373490,2,KODEX 코리아혁신성장액티브,26100,3,0,0.0,25931.0,-22.861,0,0,144,2026-08-13 23:55:24
417450,4,RISE 글로벌수소경제,16870,3,0,0.0,16918.0,-20.473,0,0,143,2026-08-13 23:55:24
234310,2,RISE V&S셀렉트밸류,28490,3,0,0.0,28769.0,-10.3384,0,0,142,2026-08-13 23:55:24
404650,2,SOL KRX기후변화솔루션,23735,3,0,0.0,23857.0,-18.4606,0,0,142,2026-08-13 23:55:24
0004G0,4,1Q 미국배당TOP30,9480,3,0,0.0,9538.0,5.7578,0,0,142,2026-08-13 23:55:24
0028X0,4,KODEX 미국금융테크액티브,12125,3,0,0.0,12185.0,9.2175,0,0,139,2026-08-13 23:55:24
438900,2,HANARO Fn K-푸드,11025,3,0,0.0,11050.0,-4.6643,0,0,138,2026-08-13 23:55:24
489860,4,KIWOOM 글로벌전력GRID인프라,16190,3,0,0.0,16287.0,-7.3881,0,0,138,2026-08-13 23:55:24
0088N0,2,WON K-글로벌수급상위,10990,3,0,0.0,10971.0,-24.8548,0,0,137,2026-08-13 23:55:24
0127V0,4,KIWOOM 미국S&P500 TOP10&배당다우비중전환,10990,3,0,0.0,11028.0,-3.5027,0,0,137,2026-08-13 23:55:24
360150,2,KODEX 코스닥150롱코스피200숏선물,3345,3,0,0.0,3342.0,-18.2152,0,0,137,2026-08-13 23:55:24
0127T0,4,KIWOOM 미국S&P500&배당다우존스비중전환,11420,3,0,0.0,11489.0,-0.0041,0,0,137,2026-08-13 23:55:24
496130,1,TRUSTON 코리아밸류업액티브,25245,3,0,0.0,25438.0,-15.4413,0,0,136,2026-08-13 23:55:24
0015F0,7,KIWOOM 팔란티어미국30년국채혼합액티브(H),10475,3,0,0.0,10493.0,4.6042,0,0,136,2026-08-13 23:55:24
472720,1,TRUSTON 주주가치액티브,26025,3,0,0.0,25760.0,-15.2833,0,0,135,2026-08-13 23:55:24
300610,2,TIGER K게임,5585,3,0,0.0,5619.0,-9.408,0,0,134,2026-08-13 23:55:24
266390,2,KODEX 경기소비재,14815,3,0,0.0,14901.0,10.3676,0,0,133,2026-08-13 23:55:24
484890,6,SOL 머니마켓액티브,52480,3,0,0.0,52465.0,0.7003,0,0,133,2026-08-13 23:55:24
252650,1,KODEX 200동일가중,18835,3,0,0.0,18801.0,-10.3376,0,0,132,2026-08-13 23:55:24
280920,2,PLUS 주도업종,23880,3,0,0.0,24123.0,-13.666,0,0,131,2026-08-13 23:55:24
0222F0,2,마이티 AI데이터센터밸류체인,13020,3,0,0.0,12924.0,,0,0,130,2026-08-13 23:55:24
0008E0,4,ACE 미국중심중소형제조업,13560,3,0,0.0,13653.0,-8.2544,0,0,129,2026-08-13 23:55:24
435550,7,KIWOOM TDF2050액티브 적격,18385,3,0,0.0,18399.0,-2.4553,0,0,129,2026-08-13 23:55:24
428560,4,KODEX 미국ETF산업Top10 Indxx,16075,3,0,0.0,16263.0,-2.2499,0,0,129,2026-08-13 23:55:24
435040,4,ACE 글로벌브랜드TOP10,19670,3,0,0.0,19782.0,-2.0624,0,0,128,2026-08-13 23:55:24
395760,2,PLUS ESG성장주액티브,21265,3,0,0.0,21435.0,-13.3456,0,0,128,2026-08-13 23:55:24
272570,6,RISE 중장기국공채액티브,108110,3,0,0.0,108105.0,0.3667,0,0,128,2026-08-13 23:55:24
279540,2,KODEX 최소변동성,21120,3,0,0.0,21192.0,-11.3726,0,0,127,2026-08-13 23:55:24
290080,3,RISE 200고배당커버드콜ATM,7240,3,0,0.0,7301.0,8.3969,0,0,127,2026-08-13 23:55:24
176950,6,KODEX 국채선물10년인버스,60205,3,0,0.0,60284.0,1.586,0,0,126,2026-08-13 23:55:24
453660,4,KODEX 미국S&P500경기소비재,17950,3,0,0.0,18123.0,-5.0378,0,0,126,2026-08-13 23:55:24
0000H0,2,KODEX 인도Nifty미드캡100,10850,3,0,0.0,10929.0,0.5549,0,0,125,2026-08-13 23:55:24
363510,6,SOL KIS단기통안채,112060,3,0,0.0,112040.0,0.6195,0,0,124,2026-08-13 23:55:24
332610,6,PLUS 미국단기회사채(AAA~A),129360,3,0,0.0,129366.0,-4.0048,0,0,124,2026-08-13 23:55:24
0208N0,1,IBK 코스피액티브,7520,3,0,0.0,7471.0,,0,0,124,2026-08-13 23:55:24
137610,5,TIGER 농산물선물Enhanced(H),5395,3,0,0.0,5421.0,-4.0036,0,0,124,2026-08-13 23:55:24
0194R0,2,KIWOOM SK하이닉스선물단일종목레버리지,7635,3,0,0.0,7728.0,,0,0,124,2026-08-13 23:55:24
400570,4,KODEX 유럽탄소배출권선물ICE(H),11270,3,0,0.0,11292.0,8.5219,0,0,124,2026-08-13 23:55:24
269530,4,PLUS S&P글로벌인프라,20570,3,0,0.0,20840.0,-6.6275,0,0,123,2026-08-13 23:55:24
140580,2,RISE 우량업종대표주,24580,3,0,0.0,24749.0,-13.2675,0,0,123,2026-08-13 23:55:24
269370,4,TIGER S&P글로벌인프라(합성),17530,3,0,0.0,17856.0,-6.8971,0,0,123,2026-08-13 23:55:24
453060,6,HANARO KOFR금리액티브(합성),111270,3,0,0.0,111246.0,0.6877,0,0,122,2026-08-13 23:55:24
485810,4,TIME 글로벌바이오액티브,11125,3,0,0.0,11162.0,7.5398,0,0,122,2026-08-13 23:55:24
487750,2,BNK 온디바이스AI,30270,3,0,0.0,30374.0,-15.1269,0,0,121,2026-08-13 23:55:24
464610,2,SOL 의료기기소부장Fn,8025,3,0,0.0,8014.0,-12.961,0,0,120,2026-08-13 23:55:24
419420,4,KODEX 미국클린에너지나스닥,10000,3,0,0.0,9955.0,-15.4939,0,0,120,2026-08-13 23:55:24
457700,6,KODEX 53-09 국고채액티브,9050,3,0,0.0,8989.0,-8.908,0,0,119,2026-08-13 23:55:24
354240,7,RISE 미국고정배당우선증권,10855,3,0,0.0,10920.0,-7.7741,0,0,119,2026-08-13 23:55:24
251590,2,PLUS 고배당저변동50,17020,3,0,0.0,17085.0,-4.7091,0,0,119,2026-08-13 23:55:24
448490,6,HANARO 32-10 국고채액티브,52935,3,0,0.0,52896.0,-0.8523,0,0,119,2026-08-13 23:55:24
410870,2,TIME K컬처액티브,9845,3,0,0.0,9821.0,-13.4886,0,0,118,2026-08-13 23:55:24
0093B0,4,RISE 엔비디아고정테크100,13085,3,0,0.0,13188.0,-2.5293,0,0,118,2026-08-13 23:55:24
371870,4,ACE 차이나항셍테크,7300,3,0,0.0,7295.0,-9.6535,0,0,117,2026-08-13 23:55:24
0084E0,7,KIWOOM 미국대형주500월간목표헤지액티브,10600,3,0,0.0,10597.0,-3.5934,0,0,117,2026-08-13 23:55:24
407820,2,에셋플러스 코리아플랫폼액티브,6455,3,0,0.0,6418.0,-22.8794,0,0,116,2026-08-13 23:55:24
166400,3,TIGER 200커버드콜OTM,23185,3,0,0.0,23297.0,1.46,0,0,116,2026-08-13 23:55:24
498050,2,HANARO 바이오코리아액티브,11590,3,0,0.0,11664.0,-17.5676,0,0,116,2026-08-13 23:55:24
0094L0,4,RISE 차이나테크TOP10위클리타겟커버드콜,8270,3,0,0.0,8263.0,-7.9555,0,0,116,2026-08-13 23:55:24
461580,1,TIGER 코스닥글로벌,16495,3,0,0.0,16531.0,-17.3391,0,0,115,2026-08-13 23:55:24
463640,4,KODEX 미국S&P500유틸리티,14380,3,0,0.0,14444.0,-7.0901,0,0,115,2026-08-13 23:55:24
409810,4,KODEX 미국나스닥100선물인버스(H),5460,3,0,0.0,5475.0,-2.1506,0,0,115,2026-08-13 23:55:24
0222D0,2,KoAct 고배당액티브,10410,3,0,0.0,10455.0,,0,0,115,2026-08-13 23:55:24
451150,4,에셋플러스 글로벌영에이지액티브,18370,3,0,0.0,18354.0,-0.3797,0,0,114,2026-08-13 23:55:24
451600,6,PLUS 국고채30년액티브,82730,3,0,0.0,82679.0,-10.6829,0,0,113,2026-08-13 23:55:24
430500,7,KIWOOM 물가채KIS,112780,3,0,0.0,112625.0,-0.1196,0,0,113,2026-08-13 23:55:24
0001P0,2,마이티 바이오시밀러&CDMO액티브,10050,3,0,0.0,9996.0,-17.1476,0,0,113,2026-08-13 23:55:24
446700,2,RISE 배터리 리사이클링,10410,3,0,0.0,10385.0,-27.3806,0,0,112,2026-08-13 23:55:24
385710,2,TIME K이노베이션액티브,11205,3,0,0.0,11180.0,-27.193,0,0,112,2026-08-13 23:55:24
0002C0,4,에셋플러스 인도일등기업포커스20액티브,10190,3,0,0.0,10198.0,6.5899,0,0,110,2026-08-13 23:55:24
0191S0,1,IBK 코스닥150,14870,3,0,0.0,14949.0,,0,0,110,2026-08-13 23:55:24
494180,4,TIME 글로벌소비트렌드액티브,13635,3,0,0.0,13646.0,-3.1949,0,0,109,2026-08-13 23:55:24
310080,4,RISE 중국MSCI China(H),9445,3,0,0.0,9388.0,-4.8363,0,0,109,2026-08-13 23:55:24
0068M0,4,KODEX 미국S&P500버퍼6월액티브,12045,3,0,0.0,12236.0,-2.1616,0,0,108,2026-08-13 23:55:24
140710,2,KODEX 운송,6310,3,0,0.0,6331.0,-11.763,0,0,107,2026-08-13 23:55:24
456250,4,KODEX 유럽명품TOP10 STOXX,9320,3,0,0.0,9360.0,2.4978,0,0,107,2026-08-13 23:55:24
354350,4,HANARO 글로벌럭셔리S&P(합성),20525,3,0,0.0,20685.0,-0.2431,0,0,107,2026-08-13 23:55:24
0067Y0,4,TIGER 차이나AI소프트웨어,11685,3,0,0.0,11600.0,-11.7448,0,0,105,2026-08-13 23:55:24
487910,4,ACE 인도컨슈머파워액티브,8755,3,0,0.0,8760.0,0.9803,0,0,105,2026-08-13 23:55:24
0227K0,4,RISE 미국우주위성통신,10480,3,0,0.0,10506.0,,0,0,105,2026-08-13 23:55:24
460270,6,KIWOOM 미국달러SOFR금리액티브(합성),12860,3,0,0.0,12886.0,-4.1729,0,0,104,2026-08-13 23:55:24
237440,7,TIGER 경기방어채권혼합,10380,3,0,0.0,10354.0,0.8256,0,0,104,2026-08-13 23:55:24
429010,4,TIGER 미국나스닥넥스트100,20745,3,0,0.0,20843.0,6.1668,0,0,104,2026-08-13 23:55:24
140570,2,RISE 수출주,25885,3,0,0.0,26086.0,-14.6696,0,0,104,2026-08-13 23:55:24
0194N0,2,KIWOOM 삼성전자선물단일종목레버리지,11820,3,0,0.0,11881.0,,0,0,103,2026-08-13 23:55:24
0113G0,4,KoAct 미국바이오헬스케어액티브,11370,3,0,0.0,11401.0,10.9809,0,0,102,2026-08-13 23:55:24
181480,7,ACE 미국부동산리츠(합성 H),84735,3,0,0.0,85280.0,-0.3269,0,0,102,2026-08-13 23:55:24
0226G0,2,WON 피지컬AI TOP2플러스액티브,12685,3,0,0.0,12792.0,,0,0,101,2026-08-13 23:55:24
0120J0,2,BNK 카카오그룹포커스,8110,3,0,0.0,8160.0,-8.7226,0,0,101,2026-08-13 23:55:24
0189Z0,2,DAISHIN343 금융&지주고배당,10135,3,0,0.0,10195.0,,0,0,101,2026-08-13 23:55:24
117690,4,TIGER 차이나항셍30,20125,3,0,0.0,20176.0,-8.8749,0,0,101,2026-08-13 23:55:24
0214M0,2,MIDAS 바이오헬스케어액티브,11825,3,0,0.0,11869.0,,0,0,101,2026-08-13 23:55:24
0174R0,4,KIWOOM 미국성장다우존스,11705,3,0,0.0,11754.0,-1.4276,0,0,99,2026-08-13 23:55:24
463690,4,KODEX 미국S&P500커뮤니케이션,18080,3,0,0.0,18171.0,-9.6268,0,0,99,2026-08-13 23:55:24
0224D0,4,KIWOOM 미국CPU반도체TOP4+,9905,3,0,0.0,9890.0,,0,0,99,2026-08-13 23:55:24
0203D0,7,PLUS 200위클리커버드콜채권혼합,8970,3,0,0.0,8960.0,,0,0,99,2026-08-13 23:55:24
399580,4,RISE 글로벌클린에너지,9845,3,0,0.0,9955.0,-18.6966,0,0,98,2026-08-13 23:55:24
252000,1,TIGER 200동일가중,19640,3,0,0.0,19684.0,-10.6135,0,0,98,2026-08-13 23:55:24
281990,2,RISE 중소형고배당,17740,3,0,0.0,17821.0,-9.1102,0,0,98,2026-08-13 23:55:24
482030,2,KoAct 반도체&2차전지핵심소재액티브,9290,3,0,0.0,9336.0,-32.0161,0,0,98,2026-08-13 23:55:24
301400,1,PLUS 코스닥150,14915,3,0,0.0,14985.0,-24.5765,0,0,97,2026-08-13 23:55:24
449680,7,TIGER 한중전기차(합성),11280,3,0,0.0,11234.0,-27.1083,0,0,96,2026-08-13 23:55:24
371150,4,RISE 차이나항셍테크,7295,3,0,0.0,7276.0,-9.2196,0,0,95,2026-08-13 23:55:24
375270,7,RISE 글로벌데이터센터리츠(합성),14545,3,0,0.0,14513.0,-12.3796,0,0,95,2026-08-13 23:55:24
0084D0,7,KIWOOM 미국테크100월간목표헤지액티브,11785,3,0,0.0,11791.0,-4.0314,0,0,94,2026-08-13 23:55:24
0133E0,4,TIGER 차이나증권,8975,3,0,0.0,9039.0,-3.4947,0,0,94,2026-08-13 23:55:24
0219B0,2,KoAct 광통신&위성네트워크액티브,11745,3,0,0.0,11787.0,,0,0,94,2026-08-13 23:55:24
480460,7,WON 한국부동산TOP3플러스,9330,3,0,0.0,9354.0,-4.0868,0,0,93,2026-08-13 23:55:24
0216K0,7,KIWOOM 미국우주테크TOP2채권혼합50,9225,3,0,0.0,9214.0,,0,0,92,2026-08-13 23:55:24
497510,4,ACE 글로벌빅파마,13165,3,0,0.0,13214.0,6.4968,0,0,92,2026-08-13 23:55:24
139240,2,TIGER 200 철강소재,10965,3,0,0.0,11015.0,-26.36,0,0,92,2026-08-13 23:55:24
341850,7,TIGER 리츠부동산인프라채권,4600,3,0,0.0,4601.0,-1.2595,0,0,92,2026-08-13 23:55:24
395150,2,KODEX 웹툰&드라마,1910,3,0,0.0,1922.0,-16.5939,0,0,92,2026-08-13 23:55:24
174350,2,TIGER 로우볼,20700,3,0,0.0,20822.0,3.1952,0,0,91,2026-08-13 23:55:24
0215T0,4,HANARO 미국AI광통신TOP10,10005,3,0,0.0,10075.0,,0,0,90,2026-08-13 23:55:24
429980,7,SOL 한국형글로벌전기차&2차전지액티브,17825,3,0,0.0,17808.0,-15.2402,0,0,89,2026-08-13 23:55:24
435540,7,KIWOOM TDF2040액티브 적격,17825,3,0,0.0,17835.0,-2.368,0,0,89,2026-08-13 23:55:24
0219Z0,4,HANARO 미국S&P500액티브,11050,3,0,0.0,11111.0,,0,0,88,2026-08-13 23:55:24
230480,7,KIWOOM 미국달러선물인버스2X,4395,3,0,0.0,4382.0,9.3283,0,0,88,2026-08-13 23:55:24
381570,2,HANARO Fn친환경에너지,10330,3,0,0.0,10328.0,-27.585,0,0,88,2026-08-13 23:55:24
215620,2,HK S&P코리아로우볼,16250,3,0,0.0,16136.0,-4.943,0,0,88,2026-08-13 23:55:24
497520,4,ACE 일라이릴리밸류체인,13415,3,0,0.0,13521.0,11.1893,0,0,87,2026-08-13 23:55:24
105010,4,TIGER 라틴35,6210,3,0,0.0,6251.0,-13.2147,0,0,87,2026-08-13 23:55:24
270800,2,RISE KQ고배당,15800,3,0,0.0,15819.0,-12.3619,0,0,87,2026-08-13 23:55:24
395280,2,HANARO Fn K-게임,3665,3,0,0.0,3705.0,-10.6098,0,0,86,2026-08-13 23:55:24
462340,4,에셋플러스 글로벌다이나믹시니어액티브,17195,3,0,0.0,17113.0,6.5695,0,0,86,2026-08-13 23:55:24
457930,2,BNK 미래전략기술액티브,28370,3,0,0.0,28331.0,-20.0846,0,0,85,2026-08-13 23:55:24
0218K0,2,BNK 스마트카,11280,3,0,0.0,11227.0,,0,0,85,2026-08-13 23:55:24
261110,7,TIGER 미국달러선물레버리지,16810,3,0,0.0,16915.0,-8.5419,0,0,84,2026-08-13 23:55:24
466810,2,BNK 2차전지양극재,5770,3,0,0.0,5754.0,-29.2893,0,0,84,2026-08-13 23:55:24
253280,2,RISE 헬스케어,13930,3,0,0.0,13984.0,-10.962,0,0,84,2026-08-13 23:55:24
404540,2,TIGER KRX기후변화솔루션,23870,3,0,0.0,23990.0,-18.3108,0,0,84,2026-08-13 23:55:24
182490,6,TIGER 단기선진하이일드(합성 H),13915,3,0,0.0,13870.0,1.0163,0,0,83,2026-08-13 23:55:24
0172Y0,2,ACE K수출핵심TOP10산업액티브,9820,3,0,0.0,9784.0,-17.479,0,0,83,2026-08-13 23:55:24
487920,4,ACE 인도시장대표BIG5그룹액티브,8325,3,0,0.0,8337.0,-0.7156,0,0,83,2026-08-13 23:55:24
395750,2,PLUS ESG가치주액티브,20630,3,0,0.0,20511.0,-11.4403,0,0,83,2026-08-13 23:55:24
0176P0,2,FOCUS AI반도체위클리고정커버드콜,12605,3,0,0.0,12619.0,-12.4596,0,0,82,2026-08-13 23:55:24
0138D0,2,RISE 동학개미,12595,3,0,0.0,12683.0,-29.9695,0,0,82,2026-08-13 23:55:24
0082F0,4,HANARO 유럽방산,11675,3,0,0.0,11765.0,14.5169,0,0,82,2026-08-13 23:55:24
256450,4,PLUS 심천차이넥스트(합성),16240,3,0,0.0,16260.0,-13.64,0,0,81,2026-08-13 23:55:24
225800,7,KIWOOM 미국달러선물레버리지,15875,3,0,0.0,15929.0,-8.9998,0,0,81,2026-08-13 23:55:24
217780,4,TIGER 차이나CSI300인버스(합성),5200,3,0,0.0,5277.0,8.1081,0,0,81,2026-08-13 23:55:24
0226D0,7,FOCUS 금융반도체지주채권혼합50액티브,10065,3,0,0.0,10077.0,,0,0,81,2026-08-13 23:55:24
0184N0,7,PLUS 은채권혼합,8910,3,0,0.0,8943.0,-14.2858,0,0,80,2026-08-13 23:55:24
494210,4,SOL 미국500타겟데일리커버드콜액티브,11330,3,0,0.0,11346.0,-0.2721,0,0,79,2026-08-13 23:55:24
0094X0,4,1Q 샤오미밸류체인액티브,8775,3,0,0.0,8818.0,-14.6403,0,0,79,2026-08-13 23:55:24
435530,7,KIWOOM TDF2030액티브 적격,15760,3,0,0.0,15764.0,-2.7692,0,0,79,2026-08-13 23:55:24
0166T0,4,PLUS 글로벌저작권핵심기업액티브,9800,3,0,0.0,9901.0,-4.762,0,0,78,2026-08-13 23:55:24
189400,4,PLUS 글로벌MSCI(합성 H),26060,3,0,0.0,26177.0,3.4126,0,0,78,2026-08-13 23:55:24
225050,4,TIGER 유로스탁스레버리지(합성 H),17225,3,0,0.0,17266.0,24.7284,0,0,78,2026-08-13 23:55:24
390400,4,KODEX 미국스마트모빌리티S&P,7750,3,0,0.0,7814.0,-5.4761,0,0,78,2026-08-13 23:55:24
438740,2,MIDAS 중소형액티브,34115,3,0,0.0,34322.0,-15.8797,0,0,77,2026-08-13 23:55:24
285690,2,FOCUS ESG리더스,21920,3,0,0.0,21770.0,-9.8314,0,0,77,2026-08-13 23:55:24
0184V0,2,UNICORN K바이오액티브,6670,3,0,0.0,6714.0,-29.6414,0,0,77,2026-08-13 23:55:24
488480,4,RISE 일본섹터TOP4Plus,13740,3,0,0.0,13825.0,-5.3863,0,0,76,2026-08-13 23:55:24
227570,2,TIGER 우량가치,20900,3,0,0.0,20820.0,-7.9904,0,0,75,2026-08-13 23:55:24
0005C0,6,RISE 미국S&P500엔화노출(합성 H),11575,3,0,0.0,11658.0,-1.2794,0,0,75,2026-08-13 23:55:24
450180,7,KODEX 한중전기차(합성),11520,3,0,0.0,11535.0,-27.2268,0,0,75,2026-08-13 23:55:24
368680,2,KODEX K-뉴딜디지털플러스,8255,3,0,0.0,8260.0,-11.5059,0,0,74,2026-08-13 23:55:24
304670,6,KODEX 미국30년국채울트라선물인버스(H),12380,3,0,0.0,12395.0,2.9778,0,0,74,2026-08-13 23:55:24
402460,2,HANARO Fn K-메타버스MZ,14830,3,0,0.0,14919.0,8.6907,0,0,74,2026-08-13 23:55:24
437370,4,RISE 글로벌농업경제,10500,3,0,0.0,10535.0,-6.9455,0,0,74,2026-08-13 23:55:24
326230,2,RISE 내수주플러스,11360,3,0,0.0,11387.0,-7.9044,0,0,73,2026-08-13 23:55:24
139660,7,KIWOOM 미국달러선물인버스,8205,3,0,0.0,8153.0,5.3273,0,0,71,2026-08-13 23:55:24
400590,4,SOL 글로벌탄소배출권선물ICE(합성),14210,3,0,0.0,14335.0,2.4666,0,0,71,2026-08-13 23:55:24
0036Z0,4,RISE 미국천연가스밸류체인,12710,3,0,0.0,12784.0,-3.8071,0,0,70,2026-08-13 23:55:24
139290,2,TIGER 200 경기소비재,26700,3,0,0.0,26905.0,-21.5168,0,0,69,2026-08-13 23:55:24
244670,2,KODEX 밸류Plus,11530,3,0,0.0,11618.0,-7.9929,0,0,69,2026-08-13 23:55:24
0047N0,4,PLUS 차이나AI테크TOP10,10590,3,0,0.0,10546.0,-9.5259,0,0,69,2026-08-13 23:55:24
307510,2,TIGER 의료기기,13700,3,0,0.0,13648.0,-18.2947,0,0,69,2026-08-13 23:55:24
429740,7,PLUS K리츠,6185,3,0,0.0,6201.0,-4.6301,0,0,68,2026-08-13 23:55:24
456200,6,PLUS 미국달러SOFR금리액티브(합성),61235,3,0,0.0,61440.0,-4.6407,0,0,67,2026-08-13 23:55:24
316300,7,ACE 싱가포르리츠,13405,3,0,0.0,13512.0,-3.9591,0,0,67,2026-08-13 23:55:24
0102X0,4,ACE 유럽방산TOP10,10240,3,0,0.0,10346.0,8.6477,0,0,67,2026-08-13 23:55:24
315270,2,TIGER 200커뮤니케이션서비스,20615,3,0,0.0,20573.0,-6.2761,0,0,66,2026-08-13 23:55:24
250780,3,TIGER 코스닥150선물인버스,2330,3,0,0.0,2318.0,14.2156,0,0,65,2026-08-13 23:55:24
219900,4,ACE 중국본토CSI300레버리지(합성),4600,3,0,0.0,4620.0,-19.5101,0,0,64,2026-08-13 23:55:24
0087F0,4,ACE 차이나AI빅테크TOP2+액티브,12800,3,0,0.0,12847.0,-5.7438,0,0,64,2026-08-13 23:55:24
0114X0,4,RISE 글로벌게임테크TOP3Plus,8840,3,0,0.0,8861.0,4.0612,0,0,62,2026-08-13 23:55:24
291890,4,KODEX MSCI EM선물(H),12245,3,0,0.0,12240.0,-1.3296,0,0,61,2026-08-13 23:55:24
0191B0,1,MIDAS 코스닥액티브,30090,3,0,0.0,30227.0,,0,0,60,2026-08-13 23:55:24
483020,2,KIWOOM 의료AI,10015,3,0,0.0,10048.0,-16.8535,0,0,60,2026-08-13 23:55:24
0053M0,2,더제이 중소형포커스액티브,13350,3,0,0.0,13427.0,-16.1169,0,0,60,2026-08-13 23:55:24
433250,1,UNICORN R&D 액티브,23910,3,0,0.0,23823.0,-14.6529,0,0,60,2026-08-13 23:55:24
407300,2,HANARO Fn골프테마,10850,3,0,0.0,10879.0,-20.6349,0,0,60,2026-08-13 23:55:24
314700,2,HANARO 농업융복합산업,10790,3,0,0.0,10859.0,-18.4727,0,0,59,2026-08-13 23:55:24
451670,6,RISE 국채30년레버리지(합성),11865,3,0,0.0,11694.0,-21.4759,0,0,59,2026-08-13 23:55:24
413220,4,SOL 차이나태양광CSI(합성),4930,3,0,0.0,4905.0,-27.5533,0,0,59,2026-08-13 23:55:24
138920,5,KODEX 콩선물(H),11725,3,0,0.0,11751.0,-5.2908,0,0,59,2026-08-13 23:55:24
469530,3,RISE 미국달러선물인버스,9150,3,0,0.0,9125.0,5.0516,0,0,59,2026-08-13 23:55:24
289670,6,PLUS 국채선물10년,52205,3,0,0.0,52037.0,-0.4672,0,0,58,2026-08-13 23:55:24
470310,2,UNICORN 생성형AI강소기업액티브,19455,3,0,0.0,19384.0,6.6319,0,0,58,2026-08-13 23:55:24
401590,4,HANARO 글로벌탄소배출권선물ICE(합성),11370,3,0,0.0,11474.0,2.2022,0,0,58,2026-08-13 23:55:24
400580,4,SOL 유럽탄소배출권선물S&P(H),11560,3,0,0.0,11625.0,7.7353,0,0,58,2026-08-13 23:55:24
291630,3,KIWOOM 코스닥150선물레버리지,3935,3,0,0.0,3977.0,-50.8433,0,0,57,2026-08-13 23:55:24
488200,2,KIWOOM K-2차전지북미공급망,12510,3,0,0.0,12547.0,-27.1716,0,0,56,2026-08-13 23:55:24
476310,4,RISE 글로벌비만산업TOP2+,10220,3,0,0.0,10411.0,3.5443,0,0,56,2026-08-13 23:55:24
220130,4,SOL 차이나강소기업CSI500(합성 H),7025,3,0,0.0,6965.0,-7.3219,0,0,56,2026-08-13 23:55:24
499150,4,SOL 미국S&P500엔화노출(H),11230,3,0,0.0,11256.0,-1.4437,0,0,56,2026-08-13 23:55:24
267450,6,RISE 미국장기국채선물인버스(H),11200,3,0,0.0,11146.0,2.1431,0,0,56,2026-08-13 23:55:24
432600,6,RISE 국채선물3년,55325,3,0,0.0,55333.0,0.7741,0,0,55,2026-08-13 23:55:24
0154H0,4,KoAct 차이나바이오헬스케어액티브,9130,3,0,0.0,9176.0,-0.5447,0,0,55,2026-08-13 23:55:24
490330,4,KoAct 미국치매&뇌질환치료제액티브,15500,3,0,0.0,15531.0,14.2646,0,0,54,2026-08-13 23:55:24
483030,4,KIWOOM 미국블록버스터바이오테크의약품+,11880,3,0,0.0,12006.0,5.0082,0,0,53,2026-08-13 23:55:24
474390,6,SOL 국고채30년액티브,39865,3,0,0.0,39676.0,-10.8306,0,0,53,2026-08-13 23:55:24
321410,7,KODEX 멀티에셋하이인컴(H),10625,3,0,0.0,10700.0,0.3816,0,0,53,2026-08-13 23:55:24
0174J0,7,DAISHIN343 오피스리츠플러스,8840,3,0,0.0,8917.0,-5.0737,0,0,53,2026-08-13 23:55:24
411860,4,KIWOOM 독일DAX,17640,3,0,0.0,17682.0,2.192,0,0,53,2026-08-13 23:55:24
261920,4,ACE MSCI필리핀(합성),13225,3,0,0.0,13247.0,0.5703,0,0,53,2026-08-13 23:55:24
0015E0,7,KIWOOM 엔비디아미국30년국채혼합액티브(H),10550,3,0,0.0,10599.0,-1.3969,0,0,53,2026-08-13 23:55:24
0073X0,5,FOCUS 알리바바미국채커버드콜혼합,9440,3,0,0.0,9505.0,-7.5136,0,0,52,2026-08-13 23:55:24
0132D0,7,KoAct 글로벌K컬처밸류체인액티브,9440,3,0,0.0,9531.0,-3.4765,0,0,52,2026-08-13 23:55:24
0128D0,4,PLUS 차이나항셍테크위클리타겟커버드콜,7400,3,0,0.0,7444.0,-9.2204,0,0,52,2026-08-13 23:55:24
498610,4,RISE 인도디지털성장,8610,3,0,0.0,8663.0,7.1781,0,0,52,2026-08-13 23:55:24
295000,6,RISE 국채선물10년,51350,3,0,0.0,51373.0,-0.9644,0,0,51,2026-08-13 23:55:24
0078V0,4,PLUS 미국로보택시,9980,3,0,0.0,10021.0,-13.8913,0,0,50,2026-08-13 23:55:24
391600,4,ACE 미국친환경그린테마,11070,3,0,0.0,11178.0,-11.6521,0,0,50,2026-08-13 23:55:24
0015K0,4,TIGER 미국소비트렌드액티브,7275,3,0,0.0,7292.0,-3.9604,0,0,49,2026-08-13 23:55:24
267440,6,RISE 미국장기국채선물(H),8020,3,0,0.0,8072.0,-1.956,0,0,48,2026-08-13 23:55:24
0131A0,4,SOL 차이나소비트렌드,7850,3,0,0.0,7901.0,-19.1972,0,0,47,2026-08-13 23:55:24
244660,2,KODEX 퀄리티Plus,9410,3,0,0.0,9428.0,-5.3306,0,0,47,2026-08-13 23:55:24
266550,2,PLUS 중형주저변동50,18555,3,0,0.0,18665.0,-7.7784,0,0,46,2026-08-13 23:55:24
373790,4,KIWOOM 미국방어배당성장나스닥,16200,3,0,0.0,16245.0,1.1073,0,0,45,2026-08-13 23:55:24
243890,2,TIGER 200에너지화학레버리지,8510,3,0,0.0,8472.0,-35.8463,0,0,45,2026-08-13 23:55:24
227550,2,TIGER 200 산업재,12650,3,0,0.0,12699.0,-19.6316,0,0,43,2026-08-13 23:55:24
205720,4,ACE 일본TOPIX인버스(합성 H),1431,3,0,0.0,1431.0,-7.3187,0,0,43,2026-08-13 23:55:24
488210,2,KIWOOM K-반도체북미공급망,21370,3,0,0.0,21491.0,-26.3436,0,0,43,2026-08-13 23:55:24
252420,3,RISE 200선물인버스2X,85,3,0,0.0,85.0,-24.1072,0,0,42,2026-08-13 23:55:24
277650,2,TIGER 코스피중형주,21085,3,0,0.0,21140.0,-17.1676,0,0,42,2026-08-13 23:55:24
226380,2,ACE Fn성장소비주도주,5945,3,0,0.0,5966.0,-6.0822,0,0,42,2026-08-13 23:55:24
0050E0,4,PLUS 미국AI에이전트,8245,3,0,0.0,8291.0,5.0987,0,0,41,2026-08-13 23:55:24
238670,7,PLUS 스마트베타Quality채권혼합,13670,3,0,0.0,13557.0,2.1674,0,0,41,2026-08-13 23:55:24
334690,5,RISE 팔라듐선물(H),6165,3,0,0.0,6182.0,-12.1169,0,0,40,2026-08-13 23:55:24
291680,4,RISE 차이나H선물인버스(H),7710,3,0,0.0,7824.0,2.1192,0,0,39,2026-08-13 23:55:24
225030,4,TIGER 미국S&P500선물인버스(H),2235,3,0,0.0,2231.0,-3.6638,0,0,38,2026-08-13 23:55:24
0079X0,4,ACE BYD밸류체인액티브,10600,3,0,0.0,10587.0,-16.7322,0,0,37,2026-08-13 23:55:24
427120,2,RISE AI플랫폼,5460,3,0,0.0,5460.0,-13.7441,0,0,36,2026-08-13 23:55:24
267490,6,RISE 미국장기국채선물레버리지(합성 H),5000,3,0,0.0,5017.0,-5.3031,0,0,35,2026-08-13 23:55:24
306530,3,HANARO 코스닥150선물레버리지,7860,3,0,0.0,7916.0,-51.4965,0,0,35,2026-08-13 23:55:24
489010,4,PLUS 글로벌AI인프라,22075,3,0,0.0,22319.0,-1.3188,0,0,33,2026-08-13 23:55:24
454180,4,KIWOOM 차이나내수소비TOP CSI,7950,3,0,0.0,8007.0,-8.4539,0,0,32,2026-08-13 23:55:24
476000,2,UNICORN 포스트IPO액티브,5775,3,0,0.0,5756.0,-43.9593,0,0,32,2026-08-13 23:55:24
227560,2,TIGER 200 생활소비재,12830,3,0,0.0,12894.0,-4.1977,0,0,31,2026-08-13 23:55:24
145670,3,ACE 인버스,1319,3,0,0.0,1316.0,-3.5114,0,0,30,2026-08-13 23:55:24
280940,5,KODEX 골드선물인버스(H),3435,3,0,0.0,3442.0,7.1762,0,0,27,2026-08-13 23:55:24
252410,3,RISE 200선물인버스,1347,3,0,0.0,1340.0,-2.884,0,0,27,2026-08-13 23:55:24
491630,4,RISE 미국반도체인버스(합성 H),5260,3,0,0.0,5181.0,-14.6104,0,0,25,2026-08-13 23:55:24
291620,3,KIWOOM 코스닥150선물인버스,4115,3,0,0.0,4108.0,13.2049,0,0,23,2026-08-13 23:55:24
253230,3,KIWOOM 200선물인버스2X,81,3,0,0.0,81.0,-25.0,0,0,21,2026-08-13 23:55:24
275750,3,RISE 코스닥150선물인버스,2360,3,0,0.0,2348.0,13.4615,0,0,21,2026-08-13 23:55:24
334700,5,RISE 팔라듐선물인버스(H),3265,3,0,0.0,3252.0,6.6993,0,0,21,2026-08-13 23:55:24
253240,3,KIWOOM 200선물인버스,1347,3,0,0.0,1343.0,-4.2644,0,0,16,2026-08-13 23:55:24
465620,4,ACE 미국빅테크TOP7 Plus인버스(합성),6245,3,0,0.0,6227.0,-0.3988,0,0,16,2026-08-13 23:55:24
306520,3,HANARO 200선물인버스,2460,3,0,0.0,2448.0,-3.7182,0,0,15,2026-08-13 23:55:24
412560,2,TIGER BBIG레버리지,1927,3,0,0.0,1925.0,-26.0269,0,0,13,2026-08-13 23:55:24
253160,3,PLUS 200선물인버스2X,165,3,0,0.0,164.0,-26.3393,0,0,11,2026-08-13 23:55:24
397420,6,RISE 국채선물5년추종,50585,3,0,0.0,50582.0,0.1683,0,0,3,2026-08-13 23:55:24
